length,gc_content,blast_score,bit_score
2538,0.3739164696611505,2426.0,4481.09
2558,0.3534010946051603,2446.0,4518.03
1677,0.39594514013118665,1578.0,2915.13
1682,0.3222354340071344,1581.0,2920.67
1619,0.2291537986411365,1524.0,2815.41
1650,0.29333333333333333,1545.0,2854.19
1658,0.379372738238842,1551.0,2865.27
1644,0.34124087591240876,1546.0,2856.04
1632,0.3247549019607843,1533.0,2832.03
1620,0.4030864197530864,1513.0,2795.1
1702,0.399529964747356,1602.0,2959.45
1622,0.42355117139334153,1524.0,2815.41
1618,0.357849196538937,1518.0,2804.33
1658,0.3455971049457177,1566.0,2892.97
1756,0.3542141230068337,1656.0,3059.17
1720,0.34651162790697676,1605.0,2964.99
1719,0.31180919139034324,1602.0,2959.45
1761,0.35718341851220897,1656.0,3059.17
1774,0.370913190529876,1665.0,3075.79
1758,0.3839590443686007,1654.0,3055.48
1632,0.3235294117647059,1536.0,2837.57
1725,0.36579710144927535,1629.0,3009.31
1657,0.3264936632468316,1557.0,2876.35
1662,0.31708784596871237,1564.0,2889.28
1682,0.4179548156956005,1581.0,2920.67
1685,0.3893175074183976,1561.0,2883.74
1712,0.39602803738317754,1617.0,2987.15
1809,0.41514648977335544,1710.0,3158.89
1808,0.375,1710.0,3158.89
1649,0.37295330503335355,1554.0,2870.81
1849,0.35370470524607894,1755.0,3241.99
1789,0.3219675796534377,1671.0,3086.87
1711,0.3185271770894214,1614.0,2981.61
1703,0.3264826776277158,1608.0,2970.53
1672,0.3397129186602871,1569.0,2898.51
1828,0.3293216630196937,1699.0,3138.58
1817,0.3632361034672537,1716.0,3169.97
1651,0.39067231980617806,1539.0,2843.11
1659,0.38034960819770947,1545.0,2854.19
1665,0.36936936936936937,1545.0,2854.19
1664,0.37560096153846156,1545.0,2854.19
1668,0.36930455635491605,1545.0,2854.19
1637,0.37263286499694565,1542.0,2848.65
1649,0.36628259551243175,1545.0,2854.19
1660,0.3891566265060241,1548.0,2859.73
1665,0.35855855855855856,1542.0,2848.65
1646,0.3292831105710814,1542.0,2848.65
1663,0.3361395069152135,1542.0,2848.65
1638,0.3485958485958486,1542.0,2848.65
1676,0.3341288782816229,1542.0,2848.65
1634,0.3463892288861689,1539.0,2843.11
1670,0.3413173652694611,1542.0,2848.65
1648,0.3483009708737864,1554.0,2870.81
1636,0.34902200488997553,1536.0,2837.57
1637,0.42638973732437385,1542.0,2848.65
1661,0.34617700180614086,1548.0,2859.73
1634,0.3164014687882497,1536.0,2837.57
1630,0.3343558282208589,1536.0,2837.57
1638,0.3485958485958486,1536.0,2837.57
1643,0.3286670724284845,1545.0,2854.19
1639,0.2843197071384991,1527.0,2820.95
1639,0.27760829774252593,1527.0,2820.95
1632,0.27450980392156865,1513.0,2795.1
1631,0.2832618025751073,1527.0,2820.95
1653,0.279491833030853,1548.0,2859.73
1629,0.3063228974831185,1527.0,2820.95
1641,0.2845825716026813,1548.0,2859.73
1637,0.3414783139890043,1527.0,2820.95
1628,0.3108108108108108,1527.0,2820.95
1644,0.32116788321167883,1530.0,2826.49
1629,0.3689379987722529,1533.0,2832.03
1637,0.3304825901038485,1533.0,2832.03
1630,0.3276073619631902,1533.0,2832.03
1637,0.32254123396456935,1533.0,2832.03
1635,0.32782874617737,1533.0,2832.03
1636,0.30440097799511,1533.0,2832.03
1632,0.32230392156862747,1533.0,2832.03
1653,0.3139745916515426,1533.0,2832.03
1649,0.312310491206792,1533.0,2832.03
1637,0.34392180818570556,1533.0,2832.03
1649,0.34627046694966646,1533.0,2832.03
1631,0.3034947884733292,1533.0,2832.03
1629,0.34868017188459177,1533.0,2832.03
1640,0.32865853658536587,1533.0,2832.03
1638,0.36568986568986567,1533.0,2832.03
1625,0.30030769230769233,1533.0,2832.03
1639,0.31299572910311163,1533.0,2832.03
1631,0.31453096259963215,1533.0,2832.03
1642,0.3160779537149817,1533.0,2832.03
1629,0.283609576427256,1533.0,2832.03
1630,0.28343558282208586,1533.0,2832.03
1650,0.2896969696969697,1533.0,2832.03
1650,0.3290909090909091,1533.0,2832.03
1647,0.3145112325440194,1533.0,2832.03
1660,0.28072289156626506,1533.0,2832.03
1631,0.2893930104230533,1533.0,2832.03
1632,0.28799019607843135,1533.0,2832.03
1643,0.2945830797321972,1533.0,2832.03
1635,0.29724770642201837,1533.0,2832.03
1633,0.288426209430496,1533.0,2832.03
1631,0.2832618025751073,1533.0,2832.03
1634,0.29865361077111385,1533.0,2832.03
1639,0.3062843197071385,1533.0,2832.03
1627,0.29440688383527963,1533.0,2832.03
1630,0.3104294478527607,1533.0,2832.03
1650,0.2884848484848485,1533.0,2832.03
1639,0.26784624771201954,1533.0,2832.03
1647,0.3333333333333333,1550.0,2863.43
1638,0.36507936507936506,1535.0,2835.73
1624,0.3805418719211823,1533.0,2832.03
1638,0.39316239316239315,1534.0,2833.88
1655,0.39274924471299094,1540.0,2844.96
1632,0.3952205882352941,1540.0,2844.96
1632,0.39338235294117646,1540.0,2844.96
1645,0.31063829787234043,1534.0,2833.88
1640,0.27987804878048783,1537.0,2839.42
1625,0.3569230769230769,1533.0,2832.03
1682,0.2794292508917955,1578.0,2915.13
1633,0.3368034292712799,1536.0,2837.57
1626,0.36039360393603936,1534.0,2833.88
1643,0.37370663420572126,1534.0,2833.88
1651,0.33979406420351305,1534.0,2833.88
1640,0.35792682926829267,1534.0,2833.88
1638,0.33943833943833945,1531.0,2828.34
1631,0.3261802575107296,1534.0,2833.88
1631,0.3641937461679951,1537.0,2839.42
1632,0.40625,1538.0,2841.27
1638,0.3601953601953602,1534.0,2833.88
1647,0.35458409228901033,1536.0,2837.57
1652,0.36743341404358354,1537.0,2839.42
1634,0.3384332925336597,1537.0,2839.42
1643,0.3377967133292757,1542.0,2848.65
1637,0.3573610262675626,1536.0,2837.57
1651,0.32041187159297396,1550.0,2863.43
1632,0.35723039215686275,1536.0,2837.57
1643,0.35605599513085817,1539.0,2843.11
1632,0.35171568627450983,1530.0,2826.49
1629,0.3787599754450583,1534.0,2833.88
1638,0.37545787545787546,1543.0,2850.5
1633,0.37783221065523576,1537.0,2839.42
1637,0.36163714111178985,1539.0,2843.11
1644,0.340632603406326,1539.0,2843.11
1637,0.3488087965791081,1534.0,2833.88
1636,0.3429095354523227,1534.0,2833.88
1654,0.3518742442563482,1542.0,2848.65
1628,0.3501228501228501,1534.0,2833.88
1633,0.3441518677281078,1537.0,2839.42
1651,0.3040581465778316,1536.0,2837.57
1652,0.33595641646489105,1535.0,2835.73
1633,0.2994488671157379,1536.0,2837.57
1632,0.3639705882352941,1534.0,2833.88
1643,0.31284236153377964,1539.0,2843.11
1644,0.3570559610705596,1534.0,2833.88
1637,0.3341478313989004,1540.0,2844.96
1632,0.3131127450980392,1534.0,2833.88
1636,0.33496332518337407,1534.0,2833.88
1654,0.3561064087061669,1532.0,2830.19
1633,0.35027556644213104,1534.0,2833.88
1638,0.3766788766788767,1537.0,2839.42
1635,0.29174311926605506,1536.0,2837.57
1634,0.2937576499388005,1534.0,2833.88
1629,0.3014119091467158,1537.0,2839.42
1628,0.22235872235872237,1531.0,2828.34
1633,0.2878138395590937,1537.0,2839.42
1647,0.2938676381299332,1537.0,2839.42
1639,0.28004881025015255,1537.0,2839.42
1633,0.2657685241886099,1531.0,2828.34
1625,0.2572307692307692,1531.0,2828.34
1625,0.25784615384615384,1531.0,2828.34
1633,0.256582976117575,1531.0,2828.34
1632,0.25735294117647056,1531.0,2828.34
1643,0.2702373706634206,1528.0,2822.8
1698,0.3292108362779741,1605.0,2964.99
1672,0.38217703349282295,1554.0,2870.81
1652,0.44128329297820823,1553.0,2868.97
1669,0.43199520671060515,1553.0,2868.97
1651,0.3482737734706239,1554.0,2870.81
1656,0.39794685990338163,1554.0,2870.81
1661,0.40758579169175196,1554.0,2870.81
1668,0.4118705035971223,1554.0,2870.81
1662,0.4157641395908544,1554.0,2870.81
1664,0.40865384615384615,1554.0,2870.81
1668,0.41007194244604317,1554.0,2870.81
1656,0.3997584541062802,1554.0,2870.81
1651,0.3961235614778922,1554.0,2870.81
1658,0.41737032569360677,1554.0,2870.81
1649,0.4050939963614312,1554.0,2870.81
1648,0.36225728155339804,1548.0,2859.73
1674,0.38530465949820786,1575.0,2909.59
1675,0.25492537313432834,1563.0,2887.43
1647,0.3424408014571949,1548.0,2859.73
1645,0.32948328267477206,1550.0,2863.43
1651,0.37976983646274987,1554.0,2870.81
1649,0.40812613705275924,1554.0,2870.81
1651,0.36220472440944884,1551.0,2865.27
1653,0.3641863278886872,1554.0,2870.81
1654,0.3688029020556227,1557.0,2876.35
1656,0.37016908212560384,1557.0,2876.35
1658,0.37273823884197826,1554.0,2870.81
1649,0.3784111582777441,1554.0,2870.81
1660,0.36325301204819277,1554.0,2870.81
1650,0.3715151515151515,1554.0,2870.81
1655,0.3776435045317221,1554.0,2870.81
1663,0.34155141310883946,1560.0,2881.89
1660,0.33433734939759036,1560.0,2881.89
1659,0.38396624472573837,1560.0,2881.89
1655,0.3957703927492447,1560.0,2881.89
1663,0.4107035478051714,1560.0,2881.89
1660,0.3493975903614458,1557.0,2876.35
1661,0.35821794099939797,1557.0,2876.35
1658,0.36248492159227985,1557.0,2876.35
1653,0.352692075015124,1557.0,2876.35
1660,0.3493975903614458,1557.0,2876.35
1669,0.35710005991611743,1555.0,2872.66
1656,0.3719806763285024,1554.0,2870.81
1680,0.3678571428571429,1554.0,2870.81
1653,0.3660012099213551,1557.0,2876.35
1655,0.3806646525679758,1557.0,2876.35
1658,0.3673100120627262,1557.0,2876.35
1658,0.376357056694813,1557.0,2876.35
1679,0.36152471709350803,1557.0,2876.35
1658,0.3896260554885404,1557.0,2876.35
1660,0.35903614457831323,1557.0,2876.35
1691,0.3518628030751035,1557.0,2876.35
1690,0.3437869822485207,1557.0,2876.35
1681,0.3450327186198691,1557.0,2876.35
1661,0.3612281757977122,1557.0,2876.35
1662,0.35499398315282793,1557.0,2876.35
1657,0.3458056729028364,1557.0,2876.35
1661,0.3534015653220951,1557.0,2876.35
1658,0.35705669481302776,1557.0,2876.35
1663,0.35538184004810586,1557.0,2876.35
1659,0.3508137432188065,1557.0,2876.35
1659,0.34900542495479203,1557.0,2876.35
1657,0.3566686783343392,1557.0,2876.35
1655,0.3474320241691843,1557.0,2876.35
1659,0.34960819770946355,1557.0,2876.35
1653,0.3514821536600121,1557.0,2876.35
1660,0.3578313253012048,1557.0,2876.35
1657,0.36994568497284247,1557.0,2876.35
1658,0.3486127864897467,1557.0,2876.35
1655,0.3558912386706949,1557.0,2876.35
1658,0.3588661037394451,1557.0,2876.35
1652,0.37167070217917675,1557.0,2876.35
1669,0.36309167165967643,1557.0,2876.35
1652,0.38196125907990314,1557.0,2876.35
1653,0.3623714458560194,1557.0,2876.35
1654,0.36638452237001207,1557.0,2876.35
1652,0.37469733656174337,1554.0,2870.81
1649,0.41297756215888415,1554.0,2870.81
1646,0.42345078979343864,1554.0,2870.81
1652,0.43341404358353514,1554.0,2870.81
1657,0.4055522027761014,1554.0,2870.81
1661,0.3534015653220951,1554.0,2870.81
1652,0.3601694915254237,1554.0,2870.81
1656,0.3834541062801932,1554.0,2870.81
1665,0.36576576576576575,1554.0,2870.81
1653,0.39806412583182094,1554.0,2870.81
1654,0.3645707376058041,1554.0,2870.81
1671,0.35727109515260325,1560.0,2881.89
1660,0.35,1557.0,2876.35
1664,0.36899038461538464,1557.0,2876.35
1655,0.3824773413897281,1557.0,2876.35
1656,0.38405797101449274,1557.0,2876.35
1656,0.37922705314009664,1557.0,2876.35
1675,0.37791044776119403,1557.0,2876.35
1661,0.3841059602649007,1557.0,2876.35
1669,0.3451168364289994,1557.0,2876.35
1676,0.3937947494033413,1557.0,2876.35
1655,0.3915407854984894,1557.0,2876.35
1676,0.4009546539379475,1557.0,2876.35
1650,0.4103030303030303,1557.0,2876.35
1648,0.40898058252427183,1557.0,2876.35
1677,0.40966010733452596,1557.0,2876.35
1652,0.4092009685230024,1557.0,2876.35
1677,0.4013118664281455,1557.0,2876.35
1661,0.4003612281757977,1557.0,2876.35
1676,0.4051312649164678,1557.0,2876.35
1658,0.4089264173703257,1557.0,2876.35
1656,0.39371980676328505,1557.0,2876.35
1673,0.41243275552898984,1557.0,2876.35
1654,0.4226118500604595,1557.0,2876.35
1670,0.4,1557.0,2876.35
1666,0.40516206482593037,1557.0,2876.35
1669,0.40023966446974235,1557.0,2876.35
1671,0.3907839616995811,1557.0,2876.35
1672,0.4001196172248804,1557.0,2876.35
1651,0.39067231980617806,1557.0,2876.35
1655,0.4030211480362538,1557.0,2876.35
1671,0.400359066427289,1557.0,2876.35
1679,0.33234067897558073,1557.0,2876.35
1674,0.33811230585424135,1557.0,2876.35
1678,0.3295589988081049,1557.0,2876.35
1675,0.33313432835820894,1557.0,2876.35
1674,0.33512544802867383,1557.0,2876.35
1675,0.3295522388059702,1557.0,2876.35
1675,0.3337313432835821,1557.0,2876.35
1682,0.34780023781212843,1557.0,2876.35
1651,0.34766807995154453,1553.0,2868.97
1661,0.34677904876580373,1560.0,2881.89
1660,0.372289156626506,1557.0,2876.35
1655,0.36012084592145016,1557.0,2876.35
1657,0.38020519010259507,1557.0,2876.35
1677,0.39296362552176506,1557.0,2876.35
1657,0.3621001810500905,1557.0,2876.35
1683,0.38146167557932265,1557.0,2876.35
1661,0.38711619506321493,1563.0,2887.43
1666,0.38115246098439376,1560.0,2881.89
1651,0.43367655966081164,1554.0,2870.81
1667,0.4013197360527894,1554.0,2870.81
1653,0.37689050211736236,1557.0,2876.35
1678,0.38617401668653156,1554.0,2870.81
1663,0.3710162357185809,1557.0,2876.35
1668,0.3998800959232614,1557.0,2876.35
1652,0.4443099273607748,1554.0,2870.81
1651,0.44579043004239854,1554.0,2870.81
1675,0.4394029850746269,1554.0,2870.81
1654,0.45163240628778717,1554.0,2870.81
1676,0.4451073985680191,1554.0,2870.81
1660,0.4427710843373494,1554.0,2870.81
1656,0.4444444444444444,1554.0,2870.81
1677,0.43768634466308887,1554.0,2870.81
1686,0.44661921708185054,1554.0,2870.81
1655,0.45377643504531723,1554.0,2870.81
1653,0.4440411373260738,1554.0,2870.81
1654,0.4486094316807739,1554.0,2870.81
1651,0.4433676559660812,1554.0,2870.81
1658,0.45235223160434257,1554.0,2870.81
1644,0.45012165450121655,1554.0,2870.81
1648,0.4538834951456311,1554.0,2870.81
1674,0.449820788530466,1554.0,2870.81
1678,0.44934445768772346,1554.0,2870.81
1681,0.4479476502082094,1554.0,2870.81
1642,0.4403166869671133,1551.0,2865.27
1658,0.42460796139927626,1557.0,2876.35
1658,0.40651387213510254,1557.0,2876.35
1656,0.40881642512077293,1557.0,2876.35
1662,0.4055354993983153,1557.0,2876.35
1690,0.45621301775147927,1596.0,2948.37
1697,0.4325279905715969,1596.0,2948.37
1673,0.4178123132098028,1554.0,2870.81
1687,0.4084173088322466,1563.0,2887.43
1692,0.4024822695035461,1593.0,2942.83
1692,0.40602836879432624,1593.0,2942.83
1706,0.3939038686987104,1608.0,2970.53
1704,0.40023474178403756,1603.0,2961.3
1703,0.4163241338813858,1603.0,2961.3
1656,0.4082125603864734,1560.0,2881.89
1657,0.42063971031985514,1560.0,2881.89
1672,0.3875598086124402,1566.0,2892.97
1645,0.40364741641337387,1549.0,2861.58
1651,0.3912780133252574,1549.0,2861.58
1652,0.37409200968523004,1557.0,2876.35
1657,0.3922751961375981,1557.0,2876.35
1645,0.40425531914893614,1551.0,2865.27
1638,0.4053724053724054,1545.0,2854.19
1640,0.4054878048780488,1545.0,2854.19
1640,0.41585365853658535,1545.0,2854.19
1645,0.4340425531914894,1545.0,2854.19
1667,0.4091181763647271,1545.0,2854.19
1641,0.41803778184034124,1545.0,2854.19
1648,0.41383495145631066,1545.0,2854.19
1645,0.4249240121580547,1545.0,2854.19
1642,0.4226552984165652,1545.0,2854.19
1643,0.44065733414485697,1545.0,2854.19
1649,0.39357186173438446,1545.0,2854.19
1650,0.40545454545454546,1545.0,2854.19
1647,0.41044323011536127,1545.0,2854.19
1644,0.4300486618004866,1545.0,2854.19
1654,0.45042321644498184,1551.0,2865.27
1657,0.47616173808086903,1551.0,2865.27
1654,0.42986698911729143,1551.0,2865.27
1647,0.4049787492410443,1551.0,2865.27
1647,0.4256223436551305,1551.0,2865.27
1660,0.38373493975903616,1551.0,2865.27
1647,0.4353369763205829,1551.0,2865.27
1647,0.4353369763205829,1551.0,2865.27
1650,0.41333333333333333,1551.0,2865.27
1656,0.4178743961352657,1551.0,2865.27
1657,0.42063971031985514,1551.0,2865.27
1649,0.4269254093389933,1551.0,2865.27
1660,0.42048192771084336,1551.0,2865.27
1657,0.42908871454435726,1551.0,2865.27
1669,0.4397843019772319,1551.0,2865.27
1675,0.43402985074626865,1551.0,2865.27
1643,0.4497869750456482,1551.0,2865.27
1668,0.44004796163069543,1551.0,2865.27
1649,0.44511825348696177,1551.0,2865.27
1652,0.44128329297820823,1551.0,2865.27
1654,0.44256348246674726,1554.0,2870.81
1650,0.46,1551.0,2865.27
1641,0.44424131627056673,1545.0,2854.19
1662,0.40673886883273164,1551.0,2865.27
1666,0.4009603841536615,1551.0,2865.27
1654,0.439540507859734,1551.0,2865.27
1666,0.43637454981992796,1551.0,2865.27
1650,0.46060606060606063,1551.0,2865.27
1663,0.4515935057125676,1560.0,2881.89
1650,0.4448484848484848,1551.0,2865.27
1651,0.4494245911568746,1551.0,2865.27
1650,0.43757575757575756,1551.0,2865.27
1664,0.4597355769230769,1560.0,2881.89
1651,0.42337976983646275,1551.0,2865.27
1655,0.44652567975830815,1551.0,2865.27
1676,0.4343675417661098,1551.0,2865.27
1649,0.4335961188599151,1551.0,2865.27
1654,0.4492140266021765,1551.0,2865.27
1655,0.43202416918429004,1551.0,2865.27
1650,0.45151515151515154,1551.0,2865.27
1649,0.46634323832625835,1551.0,2865.27
1649,0.4317768344451183,1548.0,2859.73
1653,0.43859649122807015,1551.0,2865.27
1653,0.4591651542649728,1551.0,2865.27
1656,0.46799516908212563,1554.0,2870.81
1645,0.4401215805471125,1551.0,2865.27
1672,0.4126794258373206,1551.0,2865.27
1649,0.4220739842328684,1551.0,2865.27
1642,0.4110840438489647,1551.0,2865.27
1645,0.417629179331307,1551.0,2865.27
1643,0.4083992696287279,1551.0,2865.27
1644,0.4075425790754258,1551.0,2865.27
1644,0.4081508515815085,1551.0,2865.27
1655,0.41570996978851965,1551.0,2865.27
1657,0.40374170187085096,1551.0,2865.27
1651,0.40520896426408237,1551.0,2865.27
1649,0.40448756822316556,1551.0,2865.27
1645,0.4066869300911854,1551.0,2865.27
1650,0.4224242424242424,1551.0,2865.27
1656,0.42693236714975846,1551.0,2865.27
1656,0.41243961352657005,1551.0,2865.27
1651,0.418534221683828,1551.0,2865.27
1652,0.41707021791767557,1551.0,2865.27
1652,0.423728813559322,1551.0,2865.27
1654,0.4147521160822249,1551.0,2865.27
1643,0.3767498478393183,1551.0,2865.27
1659,0.4014466546112116,1551.0,2865.27
1658,0.4028950542822678,1551.0,2865.27
1655,0.4012084592145015,1551.0,2865.27
1643,0.4029214850882532,1551.0,2865.27
1650,0.42303030303030303,1551.0,2865.27
1651,0.42337976983646275,1551.0,2865.27
1643,0.4138770541692027,1551.0,2865.27
1649,0.4117647058823529,1551.0,2865.27
1659,0.4074743821579265,1549.0,2861.58
1645,0.41398176291793315,1551.0,2865.27
1663,0.41371016235718583,1551.0,2865.27
1665,0.4096096096096096,1551.0,2865.27
1644,0.41362530413625304,1551.0,2865.27
1673,0.40705319784817695,1551.0,2865.27
1657,0.4103802051901026,1551.0,2865.27
1650,0.4072727272727273,1551.0,2865.27
1657,0.4091732045866023,1551.0,2865.27
1654,0.3954050785973398,1551.0,2865.27
1649,0.4257125530624621,1551.0,2865.27
1655,0.4175226586102719,1551.0,2865.27
1645,0.4054711246200608,1551.0,2865.27
1654,0.4189842805320435,1551.0,2865.27
1664,0.42007211538461536,1551.0,2865.27
1668,0.40707434052757796,1551.0,2865.27
1663,0.4058929645219483,1551.0,2865.27
1653,0.41681790683605563,1551.0,2865.27
1672,0.4276315789473684,1551.0,2865.27
1659,0.39662447257383965,1551.0,2865.27
1676,0.3967780429594272,1551.0,2865.27
1652,0.42493946731234866,1551.0,2865.27
1663,0.42573662056524353,1551.0,2865.27
1654,0.4135429262394196,1551.0,2865.27
1675,0.4017910447761194,1551.0,2865.27
1653,0.43859649122807015,1551.0,2865.27
1657,0.4152082076041038,1551.0,2865.27
1658,0.42581423401688784,1551.0,2865.27
1651,0.4318594791035736,1551.0,2865.27
1647,0.41105039465695203,1551.0,2865.27
1652,0.4092009685230024,1551.0,2865.27
1664,0.41646634615384615,1551.0,2865.27
1667,0.3929214157168566,1551.0,2865.27
1671,0.3907839616995811,1551.0,2865.27
1656,0.3997584541062802,1551.0,2865.27
1673,0.4100418410041841,1551.0,2865.27
1646,0.40765492102065615,1551.0,2865.27
1658,0.40048250904704463,1551.0,2865.27
1652,0.4019370460048426,1551.0,2865.27
1663,0.3956704750450992,1551.0,2865.27
1656,0.40398550724637683,1551.0,2865.27
1653,0.3835450695704779,1551.0,2865.27
1654,0.38391777509068925,1551.0,2865.27
1655,0.38972809667673713,1551.0,2865.27
1657,0.4085697042848521,1551.0,2865.27
1655,0.3921450151057402,1551.0,2865.27
1659,0.4165159734779988,1551.0,2865.27
1675,0.4047761194029851,1551.0,2865.27
1665,0.4084084084084084,1551.0,2865.27
1672,0.39413875598086123,1551.0,2865.27
1654,0.4026602176541717,1551.0,2865.27
1669,0.40443379269023366,1551.0,2865.27
1673,0.4004781829049611,1551.0,2865.27
1671,0.39317773788150806,1551.0,2865.27
1671,0.4063435068821065,1551.0,2865.27
1664,0.4050480769230769,1551.0,2865.27
1679,0.4097677188802859,1551.0,2865.27
1651,0.42337976983646275,1551.0,2865.27
1662,0.39229843561973526,1551.0,2865.27
1651,0.4033918837068443,1551.0,2865.27
1655,0.38912386706948643,1551.0,2865.27
1653,0.41742286751361163,1551.0,2865.27
1654,0.3948004836759371,1551.0,2865.27
1651,0.3961235614778922,1551.0,2865.27
1655,0.4120845921450151,1551.0,2865.27
1674,0.4080047789725209,1551.0,2865.27
1654,0.39177750906892383,1551.0,2865.27
1654,0.3905683192261185,1551.0,2865.27
1674,0.39366786140979687,1551.0,2865.27
1655,0.38972809667673713,1551.0,2865.27
1650,0.4036363636363636,1551.0,2865.27
1652,0.40314769975786924,1551.0,2865.27
1652,0.39709443099273606,1551.0,2865.27
1654,0.39600967351874244,1551.0,2865.27
1655,0.40181268882175225,1551.0,2865.27
1670,0.3994011976047904,1551.0,2865.27
1649,0.40327471194663433,1551.0,2865.27
1649,0.4026682838083687,1551.0,2865.27
1650,0.3896969696969697,1551.0,2865.27
1653,0.40229885057471265,1551.0,2865.27
1655,0.39516616314199393,1551.0,2865.27
1651,0.3961235614778922,1551.0,2865.27
1664,0.39242788461538464,1551.0,2865.27
1665,0.3891891891891892,1551.0,2865.27
1652,0.3934624697336562,1551.0,2865.27
1651,0.41126589945487585,1551.0,2865.27
1648,0.43021844660194175,1551.0,2865.27
1666,0.4237695078031212,1551.0,2865.27
1656,0.43478260869565216,1551.0,2865.27
1648,0.4375,1551.0,2865.27
1651,0.4385221078134464,1551.0,2865.27
1656,0.41606280193236717,1551.0,2865.27
1658,0.4071170084439083,1551.0,2865.27
1648,0.3938106796116505,1551.0,2865.27
1679,0.4121500893388922,1557.0,2876.35
1659,0.4273658830620856,1557.0,2876.35
1661,0.42564720048163757,1557.0,2876.35
1659,0.45207956600361665,1557.0,2876.35
1649,0.42328684050939963,1548.0,2859.73
1653,0.3986690865093769,1548.0,2859.73
1659,0.44183242917420135,1557.0,2876.35
1688,0.4022511848341232,1560.0,2881.89
1657,0.40736270368135186,1560.0,2881.89
1661,0.39193257074051774,1551.0,2865.27
1652,0.44854721549636806,1551.0,2865.27
1653,0.4162129461584997,1551.0,2865.27
1649,0.41297756215888415,1551.0,2865.27
1692,0.44858156028368795,1581.0,2920.67
1654,0.41777509068923824,1548.0,2859.73
1655,0.4012084592145015,1551.0,2865.27
1664,0.40805288461538464,1551.0,2865.27
1659,0.4177215189873418,1551.0,2865.27
1650,0.41575757575757577,1551.0,2865.27
1652,0.3940677966101695,1548.0,2859.73
1646,0.4380315917375456,1551.0,2865.27
1644,0.41788321167883213,1551.0,2865.27
1650,0.3981818181818182,1551.0,2865.27
1649,0.4172225591267435,1551.0,2865.27
1665,0.42462462462462464,1551.0,2865.27
1655,0.3903323262839879,1551.0,2865.27
1643,0.37857577601947656,1551.0,2865.27
1647,0.39647844565877355,1551.0,2865.27
1649,0.41904184354154034,1551.0,2865.27
1668,0.4010791366906475,1551.0,2865.27
1654,0.3851269649334946,1551.0,2865.27
1641,0.38939670932358317,1551.0,2865.27
1659,0.4207353827606992,1551.0,2865.27
1659,0.39180229053646776,1551.0,2865.27
1659,0.4159132007233273,1551.0,2865.27
1660,0.4174698795180723,1551.0,2865.27
1646,0.4040097205346294,1551.0,2865.27
1655,0.40181268882175225,1551.0,2865.27
1653,0.3992740471869328,1551.0,2865.27
1650,0.43333333333333335,1551.0,2865.27
1651,0.43549364021804965,1551.0,2865.27
1671,0.4236983842010772,1551.0,2865.27
1667,0.41271745650869823,1551.0,2865.27
1669,0.4170161773517076,1551.0,2865.27
1671,0.414721723518851,1551.0,2865.27
1647,0.4080145719489982,1551.0,2865.27
1646,0.4046172539489672,1551.0,2865.27
1647,0.43169398907103823,1551.0,2865.27
1657,0.4296922148461074,1551.0,2865.27
1650,0.4163636363636364,1551.0,2865.27
1669,0.4313960455362493,1551.0,2865.27
1652,0.4509685230024213,1551.0,2865.27
1654,0.4498186215235792,1551.0,2865.27
1651,0.4494245911568746,1551.0,2865.27
1647,0.4493017607771706,1551.0,2865.27
1654,0.4280532043530834,1551.0,2865.27
1653,0.43315184513006655,1551.0,2865.27
1652,0.44188861985472155,1551.0,2865.27
1674,0.4133811230585424,1551.0,2865.27
1651,0.4251968503937008,1551.0,2865.27
1651,0.42640823743185946,1551.0,2865.27
1671,0.42070616397366845,1551.0,2865.27
1654,0.4286577992744861,1551.0,2865.27
1649,0.4257125530624621,1551.0,2865.27
1652,0.4303874092009685,1551.0,2865.27
1651,0.4251968503937008,1551.0,2865.27
1650,0.43212121212121213,1551.0,2865.27
1656,0.427536231884058,1551.0,2865.27
1651,0.434282253179891,1551.0,2865.27
1643,0.42422398052343274,1551.0,2865.27
1650,0.42848484848484847,1551.0,2865.27
1664,0.42367788461538464,1551.0,2865.27
1653,0.4162129461584997,1551.0,2865.27
1654,0.42019347037484883,1551.0,2865.27
1648,0.42779126213592233,1551.0,2865.27
1672,0.4258373205741627,1551.0,2865.27
1643,0.4077906269020085,1551.0,2865.27
1649,0.4063068526379624,1551.0,2865.27
1673,0.4237895995218171,1557.0,2876.35
1651,0.43367655966081164,1557.0,2876.35
1653,0.4398064125831821,1551.0,2865.27
1648,0.44235436893203883,1551.0,2865.27
1663,0.4425736620565244,1551.0,2865.27
1676,0.4451073985680191,1551.0,2865.27
1671,0.43925792938360264,1551.0,2865.27
1664,0.42427884615384615,1551.0,2865.27
1651,0.46214415505754086,1551.0,2865.27
1656,0.43478260869565216,1551.0,2865.27
1705,0.4035190615835777,1551.0,2865.27
1673,0.4602510460251046,1551.0,2865.27
1654,0.4607013301088271,1554.0,2870.81
1649,0.4536082474226804,1548.0,2859.73
1645,0.45167173252279635,1548.0,2859.73
1657,0.46891973445986723,1560.0,2881.89
1675,0.4632835820895522,1551.0,2865.27
1654,0.466142684401451,1551.0,2865.27
1655,0.4175226586102719,1554.0,2870.81
1661,0.40758579169175196,1563.0,2887.43
1655,0.4151057401812689,1563.0,2887.43
1652,0.3946731234866828,1551.0,2865.27
1648,0.39987864077669905,1551.0,2865.27
1666,0.4177671068427371,1551.0,2865.27
1651,0.4003634161114476,1551.0,2865.27
1651,0.4076317383403998,1551.0,2865.27
1644,0.4008515815085158,1551.0,2865.27
1656,0.4414251207729469,1551.0,2865.27
1656,0.38405797101449274,1551.0,2865.27
1655,0.38972809667673713,1554.0,2870.81
1653,0.4016938898971567,1551.0,2865.27
1649,0.4020618556701031,1551.0,2865.27
1659,0.4267631103074141,1551.0,2865.27
1641,0.4259597806215722,1551.0,2865.27
1667,0.4247150569886023,1551.0,2865.27
1676,0.44272076372315033,1548.0,2859.73
1677,0.4048896839594514,1546.0,2856.04
1662,0.4608904933814681,1563.0,2887.43
1668,0.47182254196642687,1563.0,2887.43
1650,0.4539393939393939,1551.0,2865.27
1647,0.453551912568306,1551.0,2865.27
1649,0.41237113402061853,1551.0,2865.27
1660,0.4710843373493976,1560.0,2881.89
1657,0.4103802051901026,1560.0,2881.89
1654,0.44014510278113667,1554.0,2870.81
1671,0.4278874925194494,1554.0,2870.81
1668,0.4382494004796163,1551.0,2865.27
1678,0.4582836710369487,1554.0,2870.81
1655,0.4398791540785498,1554.0,2870.81
1652,0.37772397094430993,1554.0,2870.81
1664,0.41165865384615385,1554.0,2870.81
1656,0.39492753623188404,1554.0,2870.81
1660,0.43614457831325304,1554.0,2870.81
1666,0.4267707082833133,1554.0,2870.81
1664,0.4206730769230769,1560.0,2881.89
1654,0.3899637243047158,1554.0,2870.81
1658,0.38600723763570566,1554.0,2870.81
1651,0.3803755299818292,1554.0,2870.81
1652,0.3710653753026634,1554.0,2870.81
1655,0.3685800604229607,1554.0,2870.81
1656,0.44021739130434784,1551.0,2865.27
1657,0.4103802051901026,1551.0,2865.27
1655,0.44652567975830815,1551.0,2865.27
1654,0.469770253929867,1551.0,2865.27
1663,0.4425736620565244,1551.0,2865.27
1657,0.4550392275196138,1551.0,2865.27
1663,0.42934455802766086,1551.0,2865.27
1647,0.4432301153612629,1551.0,2865.27
1666,0.43637454981992796,1560.0,2881.89
1662,0.45607701564380265,1560.0,2881.89
1655,0.45498489425981875,1560.0,2881.89
1658,0.4589867310012063,1560.0,2881.89
1657,0.44357272178636087,1560.0,2881.89
1651,0.4403391883706844,1551.0,2865.27
1662,0.43742478941034896,1560.0,2881.89
1661,0.42624924744130044,1558.0,2878.2
1651,0.44579043004239854,1551.0,2865.27
1668,0.43345323741007197,1551.0,2865.27
1657,0.42788171394085694,1551.0,2865.27
1644,0.4367396593673966,1551.0,2865.27
1645,0.4419452887537994,1551.0,2865.27
1654,0.44014510278113667,1551.0,2865.27
1650,0.43454545454545457,1551.0,2865.27
1648,0.43264563106796117,1551.0,2865.27
1649,0.43117040630685266,1551.0,2865.27
1669,0.42660275614140203,1551.0,2865.27
1648,0.42900485436893204,1523.0,2813.57
1646,0.43317132442284323,1549.0,2861.58
1650,0.43393939393939396,1551.0,2865.27
1655,0.43021148036253776,1551.0,2865.27
1647,0.43108682452944747,1551.0,2865.27
1656,0.45471014492753625,1560.0,2881.89
1663,0.4449789536981359,1551.0,2865.27
1663,0.4449789536981359,1551.0,2865.27
1663,0.4449789536981359,1551.0,2865.27
1663,0.4449789536981359,1551.0,2865.27
1646,0.4094775212636695,1551.0,2865.27
1651,0.3882495457298607,1554.0,2870.81
1652,0.3983050847457627,1551.0,2865.27
1646,0.42102065613608747,1551.0,2865.27
1660,0.4295180722891566,1560.0,2881.89
1659,0.4333936106088005,1551.0,2865.27
1654,0.4347037484885127,1557.0,2876.35
1659,0.42495479204339964,1560.0,2881.89
1644,0.46167883211678834,1551.0,2865.27
1647,0.44687310261080754,1551.0,2865.27
1647,0.44505160898603524,1551.0,2865.27
1646,0.4270959902794654,1551.0,2865.27
1660,0.37710843373493974,1560.0,2881.89
1650,0.403030303030303,1551.0,2865.27
1675,0.4525373134328358,1566.0,2892.97
1655,0.39637462235649545,1554.0,2870.81
1646,0.4264884568651276,1551.0,2865.27
1646,0.4149453219927096,1551.0,2865.27
1642,0.4074299634591961,1551.0,2865.27
1648,0.42354368932038833,1551.0,2865.27
1652,0.44188861985472155,1551.0,2865.27
1651,0.4294367050272562,1551.0,2865.27
1650,0.41515151515151516,1551.0,2865.27
1654,0.4268440145102781,1551.0,2865.27
1653,0.43738656987295826,1551.0,2865.27
1651,0.4270139309509388,1551.0,2865.27
1702,0.41421856639247945,1551.0,2865.27
1651,0.4282253179890975,1551.0,2865.27
1673,0.442916915720263,1551.0,2865.27
1648,0.4520631067961165,1551.0,2865.27
1647,0.44990892531876137,1551.0,2865.27
1654,0.4486094316807739,1551.0,2865.27
1650,0.37393939393939396,1551.0,2865.27
1651,0.4282253179890975,1551.0,2865.27
1645,0.435258358662614,1551.0,2865.27
1655,0.4132930513595166,1554.0,2870.81
1664,0.43149038461538464,1563.0,2887.43
1682,0.42746730083234247,1563.0,2887.43
1657,0.4266747133373567,1557.0,2876.35
1647,0.4474802671523983,1551.0,2865.27
1646,0.4459295261239368,1551.0,2865.27
1652,0.4430992736077482,1551.0,2865.27
1655,0.44108761329305135,1551.0,2865.27
1649,0.43905397210430563,1551.0,2865.27
1676,0.43556085918854415,1551.0,2865.27
1680,0.42916666666666664,1551.0,2865.27
1648,0.4532766990291262,1551.0,2865.27
1661,0.44130042143287174,1551.0,2865.27
1648,0.4563106796116505,1551.0,2865.27
1653,0.4295220810647308,1551.0,2865.27
1656,0.4196859903381642,1551.0,2865.27
1654,0.44014510278113667,1551.0,2865.27
1673,0.43335325762104004,1566.0,2892.97
1671,0.4296828246558947,1566.0,2892.97
1676,0.4301909307875895,1566.0,2892.97
1663,0.43716175586289835,1560.0,2881.89
1683,0.43196672608437314,1560.0,2881.89
1671,0.4129263913824057,1551.0,2865.27
1668,0.4148681055155875,1551.0,2865.27
1665,0.4402402402402402,1560.0,2881.89
1681,0.446162998215348,1566.0,2892.97
1678,0.42550655542312277,1560.0,2881.89
1671,0.4386594853381209,1566.0,2892.97
1665,0.4348348348348348,1566.0,2892.97
1686,0.42408066429418745,1566.0,2892.97
1681,0.42891136228435456,1560.0,2881.89
1681,0.42534205829863175,1560.0,2881.89
1658,0.4324487334137515,1560.0,2881.89
1655,0.41933534743202416,1551.0,2865.27
1660,0.43373493975903615,1560.0,2881.89
1662,0.43381468110709986,1560.0,2881.89
1695,0.4312684365781711,1560.0,2881.89
1672,0.444377990430622,1560.0,2881.89
1669,0.43079688436189334,1560.0,2881.89
1653,0.4143980641258318,1557.0,2876.35
1657,0.41339770669885334,1557.0,2876.35
1652,0.4358353510895884,1551.0,2865.27
1652,0.41707021791767557,1551.0,2865.27
1649,0.4420861127956337,1549.0,2861.58
1655,0.38368580060422963,1551.0,2865.27
1656,0.3888888888888889,1551.0,2865.27
1657,0.41460470730235366,1551.0,2865.27
1675,0.43522388059701494,1551.0,2865.27
1652,0.40556900726392253,1551.0,2865.27
1656,0.41847826086956524,1551.0,2865.27
1650,0.42848484848484847,1551.0,2865.27
1669,0.4385859796285201,1554.0,2870.81
1667,0.4247150569886023,1563.0,2887.43
1689,0.4256956779159266,1587.0,2931.75
1698,0.43109540636042404,1596.0,2948.37
1693,0.43827525103366805,1596.0,2948.37
1665,0.424024024024024,1569.0,2898.51
1653,0.4513006654567453,1560.0,2881.89
1684,0.42636579572446553,1584.0,2926.21
1668,0.42685851318944845,1563.0,2887.43
1665,0.4402402402402402,1563.0,2887.43
1660,0.4271084337349398,1563.0,2887.43
1693,0.46249261665682223,1596.0,2948.37
1696,0.44634433962264153,1596.0,2948.37
1705,0.432258064516129,1602.0,2959.45
1707,0.43233743409490333,1602.0,2959.45
1699,0.4290759270158917,1596.0,2948.37
1694,0.44391971664698937,1590.0,2937.29
1659,0.44062688366485836,1551.0,2865.27
1649,0.42935112189205576,1551.0,2865.27
1647,0.46690953248330297,1551.0,2865.27
1654,0.4286577992744861,1551.0,2865.27
1672,0.42284688995215314,1551.0,2865.27
1653,0.4222625529340593,1557.0,2876.35
1649,0.3941782898726501,1554.0,2870.81
1661,0.40517760385310053,1560.0,2881.89
1650,0.37333333333333335,1554.0,2870.81
1657,0.40253470126735064,1554.0,2870.81
1655,0.402416918429003,1554.0,2870.81
1648,0.38470873786407767,1545.0,2854.19
1672,0.33373205741626794,1548.0,2859.73
1661,0.42624924744130044,1557.0,2876.35
1660,0.38012048192771086,1557.0,2876.35
1660,0.3753012048192771,1548.0,2859.73
1641,0.36258379037172456,1542.0,2848.65
1644,0.38746958637469586,1548.0,2859.73
1639,0.37095790115924343,1542.0,2848.65
1644,0.3570559610705596,1542.0,2848.65
1669,0.36668663870581186,1548.0,2859.73
1679,0.3716497915425849,1554.0,2870.81
1656,0.4281400966183575,1560.0,2881.89
1674,0.43667861409796893,1554.0,2870.81
1654,0.4419588875453446,1554.0,2870.81
1677,0.4293381037567084,1554.0,2870.81
1669,0.4355901737567406,1554.0,2870.81
1654,0.42321644498186217,1554.0,2870.81
1654,0.43047158403869407,1557.0,2876.35
1686,0.4223013048635824,1557.0,2876.35
1669,0.4104254044337927,1557.0,2876.35
1657,0.3946891973445987,1557.0,2876.35
1658,0.4517490952955368,1557.0,2876.35
1659,0.4376130198915009,1557.0,2876.35
1674,0.4163679808841099,1551.0,2865.27
1648,0.44902912621359226,1551.0,2865.27
1661,0.4425045153521975,1560.0,2881.89
1667,0.47390521895620874,1551.0,2865.27
1667,0.4469106178764247,1551.0,2865.27
1675,0.4388059701492537,1551.0,2865.27
1657,0.45141822570911283,1551.0,2865.27
1681,0.4277215942891136,1563.0,2887.43
1671,0.44703770197486536,1554.0,2870.81
1643,0.43335362142422396,1546.0,2856.04
1648,0.4308252427184466,1551.0,2865.27
1652,0.45036319612590797,1551.0,2865.27
1650,0.44242424242424244,1551.0,2865.27
1659,0.46232670283303196,1557.0,2876.35
1673,0.4596533173939032,1557.0,2876.35
1650,0.4581818181818182,1548.0,2859.73
1648,0.4441747572815534,1548.0,2859.73
1660,0.45,1557.0,2876.35
1660,0.4391566265060241,1557.0,2876.35
1686,0.4400948991696323,1557.0,2876.35
1659,0.4665461121157324,1557.0,2876.35
1662,0.4452466907340554,1557.0,2876.35
1657,0.4405552202776101,1557.0,2876.35
1681,0.4562760261748959,1557.0,2876.35
1669,0.40203714799281004,1566.0,2892.97
1648,0.42718446601941745,1551.0,2865.27
1674,0.4217443249701314,1551.0,2865.27
1648,0.4320388349514563,1551.0,2865.27
1675,0.42328358208955225,1551.0,2865.27
1677,0.4162194394752534,1551.0,2865.27
1648,0.42354368932038833,1543.0,2850.5
1652,0.41041162227602906,1551.0,2865.27
1648,0.4320388349514563,1551.0,2865.27
1653,0.43496672716273443,1551.0,2865.27
1656,0.4758454106280193,1560.0,2881.89
1658,0.42581423401688784,1551.0,2865.27
1661,0.4677904876580373,1563.0,2887.43
1647,0.4383727990285367,1551.0,2865.27
1653,0.4277071990320629,1551.0,2865.27
1654,0.4183796856106409,1551.0,2865.27
1646,0.43317132442284323,1545.0,2854.19
1648,0.4350728155339806,1551.0,2865.27
1652,0.44794188861985473,1551.0,2865.27
1646,0.43863912515188336,1551.0,2865.27
1674,0.4265232974910394,1551.0,2865.27
1646,0.43195625759416767,1551.0,2865.27
1649,0.44026682838083686,1551.0,2865.27
1680,0.4398809523809524,1551.0,2865.27
1665,0.4276276276276276,1560.0,2881.89
1652,0.4110169491525424,1551.0,2865.27
1650,0.40969696969696967,1551.0,2865.27
1652,0.41041162227602906,1551.0,2865.27
1651,0.4094488188976378,1551.0,2865.27
1646,0.4471445929526124,1551.0,2865.27
1648,0.4375,1551.0,2865.27
1646,0.4520048602673147,1551.0,2865.27
1661,0.42685129440096325,1566.0,2892.97
1660,0.4355421686746988,1566.0,2892.97
1663,0.4359591100420926,1566.0,2892.97
1666,0.4375750300120048,1566.0,2892.97
1667,0.4247150569886023,1566.0,2892.97
1672,0.4049043062200957,1566.0,2892.97
1684,0.416270783847981,1566.0,2892.97
1686,0.41459074733096085,1566.0,2892.97
1664,0.43810096153846156,1566.0,2892.97
1661,0.4316676700782661,1564.0,2889.28
1657,0.42546771273385636,1563.0,2887.43
1661,0.4340758579169175,1566.0,2892.97
1662,0.42839951865222625,1563.0,2887.43
1666,0.42737094837935174,1566.0,2892.97
1660,0.4234939759036145,1566.0,2892.97
1646,0.43256379100850545,1551.0,2865.27
1684,0.4471496437054632,1578.0,2915.13
1679,0.46217986896962476,1578.0,2915.13
1643,0.4132684114424833,1551.0,2865.27
1660,0.4566265060240964,1560.0,2881.89
1650,0.4442424242424242,1551.0,2865.27
1647,0.4426229508196721,1551.0,2865.27
1651,0.4506359781950333,1551.0,2865.27
1647,0.41530054644808745,1551.0,2865.27
1678,0.4070321811680572,1551.0,2865.27
1644,0.4318734793187348,1554.0,2870.81
1655,0.43323262839879156,1554.0,2870.81
1668,0.43764988009592326,1563.0,2887.43
1661,0.4394942805538832,1557.0,2876.35
1660,0.43012048192771085,1551.0,2865.27
1652,0.43825665859564167,1551.0,2865.27
1692,0.4166666666666667,1560.0,2881.89
1680,0.41845238095238096,1560.0,2881.89
1668,0.4238609112709832,1551.0,2865.27
1649,0.4378411158277744,1551.0,2865.27
1689,0.4274718768502072,1551.0,2865.27
1655,0.44108761329305135,1551.0,2865.27
1653,0.44888082274652147,1551.0,2865.27
1652,0.4364406779661017,1551.0,2865.27
1655,0.4404833836858006,1551.0,2865.27
1653,0.44283121597096187,1551.0,2865.27
1667,0.4475104979004199,1551.0,2865.27
1677,0.44066785927251045,1551.0,2865.27
1674,0.43309438470728795,1551.0,2865.27
1661,0.43527995183624324,1551.0,2865.27
1651,0.44700181708055725,1551.0,2865.27
1665,0.45225225225225224,1551.0,2865.27
1651,0.4403391883706844,1551.0,2865.27
1665,0.44084084084084085,1551.0,2865.27
1653,0.41560798548094374,1551.0,2865.27
1648,0.4047330097087379,1551.0,2865.27
1648,0.39987864077669905,1551.0,2865.27
1658,0.4384800965018094,1560.0,2881.89
1652,0.41222760290556903,1551.0,2865.27
1666,0.3967587034813926,1551.0,2865.27
1651,0.3991520290732889,1551.0,2865.27
1653,0.43859649122807015,1551.0,2865.27
1662,0.4296028880866426,1557.0,2876.35
1664,0.42427884615384615,1551.0,2865.27
1658,0.4378769601930036,1560.0,2881.89
1657,0.43814121907060954,1560.0,2881.89
1652,0.43886198547215494,1557.0,2876.35
1651,0.41913991520290733,1551.0,2865.27
1652,0.4146489104116223,1551.0,2865.27
1654,0.40931076178960096,1551.0,2865.27
1649,0.4020618556701031,1551.0,2865.27
1652,0.41404358353510895,1551.0,2865.27
1657,0.4127942063971032,1551.0,2865.27
1647,0.41044323011536127,1551.0,2865.27
1651,0.45124167171411267,1551.0,2865.27
1662,0.4566787003610108,1551.0,2865.27
1663,0.45099218280216474,1551.0,2865.27
1659,0.45147679324894513,1551.0,2865.27
1661,0.4593618302227574,1551.0,2865.27
1667,0.4355128974205159,1551.0,2865.27
1670,0.43832335329341315,1551.0,2865.27
1652,0.45581113801452783,1551.0,2865.27
1674,0.4175627240143369,1551.0,2865.27
1665,0.43963963963963965,1551.0,2865.27
1653,0.4301270417422868,1551.0,2865.27
1672,0.4342105263157895,1551.0,2865.27
1651,0.43791641429436706,1551.0,2865.27
1653,0.44162129461585,1551.0,2865.27
1651,0.4300423985463356,1551.0,2865.27
1658,0.4234016887816647,1560.0,2881.89
1658,0.4149577804583836,1560.0,2881.89
1674,0.4187574671445639,1551.0,2865.27
1661,0.4316676700782661,1560.0,2881.89
1657,0.4115872057936029,1560.0,2881.89
1649,0.4184354154032747,1551.0,2865.27
1651,0.4058146577831617,1551.0,2865.27
1664,0.42127403846153844,1551.0,2865.27
1654,0.45102781136638453,1551.0,2865.27
1652,0.45581113801452783,1551.0,2865.27
1648,0.4496359223300971,1551.0,2865.27
1655,0.4561933534743202,1551.0,2865.27
1651,0.4585099939430648,1551.0,2865.27
1655,0.45377643504531723,1551.0,2865.27
1655,0.4610271903323263,1551.0,2865.27
1651,0.45911568746214415,1551.0,2865.27
1650,0.4612121212121212,1551.0,2865.27
1658,0.46079613992762364,1551.0,2865.27
1647,0.4553734061930783,1545.0,2854.19
1658,0.4517490952955368,1551.0,2865.27
1664,0.4387019230769231,1551.0,2865.27
1667,0.4337132573485303,1551.0,2865.27
1654,0.45102781136638453,1549.0,2861.58
1655,0.4422960725075529,1551.0,2865.27
1655,0.4398791540785498,1551.0,2865.27
1654,0.40386940749697703,1551.0,2865.27
1652,0.4279661016949153,1551.0,2865.27
1649,0.4317768344451183,1551.0,2865.27
1656,0.4245169082125604,1551.0,2865.27
1653,0.4107683000604961,1551.0,2865.27
1651,0.40884312537855844,1551.0,2865.27
1647,0.403157255616272,1551.0,2865.27
1654,0.4062877871825877,1551.0,2865.27
1647,0.41712204007285975,1551.0,2865.27
1652,0.4134382566585956,1551.0,2865.27
1653,0.4379915305505142,1551.0,2865.27
1676,0.43556085918854415,1551.0,2865.27
1674,0.44683393070489846,1551.0,2865.27
1652,0.46912832929782083,1551.0,2865.27
1667,0.4301139772045591,1551.0,2865.27
1665,0.421021021021021,1551.0,2865.27
1670,0.42634730538922155,1551.0,2865.27
1649,0.42813826561552454,1551.0,2865.27
1670,0.4227544910179641,1551.0,2865.27
1649,0.4335961188599151,1551.0,2865.27
1661,0.42083082480433476,1551.0,2865.27
1671,0.4236983842010772,1551.0,2865.27
1666,0.41956782713085233,1551.0,2865.27
1667,0.42351529694061185,1551.0,2865.27
1667,0.4283143371325735,1551.0,2865.27
1666,0.4207683073229292,1551.0,2865.27
1668,0.420863309352518,1551.0,2865.27
1650,0.4254545454545455,1551.0,2865.27
1667,0.4217156568686263,1551.0,2865.27
1665,0.41501501501501503,1551.0,2865.27
1648,0.42779126213592233,1551.0,2865.27
1648,0.4362864077669903,1551.0,2865.27
1650,0.4303030303030303,1552.0,2867.12
1648,0.4338592233009709,1551.0,2865.27
1665,0.4186186186186186,1551.0,2865.27
1671,0.42429682824655895,1551.0,2865.27
1667,0.4241151769646071,1551.0,2865.27
1646,0.4240583232077764,1551.0,2865.27
1667,0.4211157768446311,1551.0,2865.27
1668,0.4274580335731415,1551.0,2865.27
1651,0.42640823743185946,1551.0,2865.27
1648,0.42475728155339804,1551.0,2865.27
1670,0.43233532934131735,1551.0,2865.27
1667,0.4295140971805639,1551.0,2865.27
1669,0.4182144997004194,1551.0,2865.27
1667,0.4253149370125975,1551.0,2865.27
1664,0.42127403846153844,1551.0,2865.27
1667,0.4259148170365927,1551.0,2865.27
1670,0.4221556886227545,1551.0,2865.27
1651,0.42459115687462146,1551.0,2865.27
1667,0.4277144571085783,1551.0,2865.27
1652,0.42857142857142855,1552.0,2867.12
1653,0.42528735632183906,1551.0,2865.27
1650,0.42424242424242425,1551.0,2865.27
1666,0.41836734693877553,1551.0,2865.27
1669,0.4194128220491312,1551.0,2865.27
1664,0.42247596153846156,1551.0,2865.27
1647,0.42926533090467517,1551.0,2865.27
1666,0.4189675870348139,1551.0,2865.27
1668,0.420863309352518,1551.0,2865.27
1671,0.4302812687013764,1551.0,2865.27
1648,0.4229368932038835,1551.0,2865.27
1650,0.39575757575757575,1551.0,2865.27
1650,0.44242424242424244,1551.0,2865.27
1666,0.4327731092436975,1551.0,2865.27
1668,0.43764988009592326,1551.0,2865.27
1648,0.44660194174757284,1551.0,2865.27
1662,0.43742478941034896,1551.0,2865.27
1652,0.4552058111380145,1551.0,2865.27
1649,0.4584596725288053,1551.0,2865.27
1645,0.47112462006079026,1551.0,2865.27
1653,0.4283121597096189,1551.0,2865.27
1667,0.4295140971805639,1551.0,2865.27
1651,0.4161114476075106,1551.0,2865.27
1644,0.4489051094890511,1551.0,2865.27
1662,0.42418772563176893,1549.0,2861.58
1654,0.4153567110036276,1551.0,2865.27
1651,0.4385221078134464,1551.0,2865.27
1649,0.41479684657368104,1551.0,2865.27
1649,0.4342025469981807,1551.0,2865.27
1653,0.42589231699939506,1551.0,2865.27
1677,0.4394752534287418,1551.0,2865.27
1669,0.43678849610545234,1551.0,2865.27
1668,0.44004796163069543,1551.0,2865.27
1654,0.4419588875453446,1551.0,2865.27
1648,0.44538834951456313,1551.0,2865.27
1674,0.43667861409796893,1551.0,2865.27
1647,0.43897996357012753,1550.0,2863.43
1668,0.43225419664268583,1551.0,2865.27
1647,0.4365513054037644,1551.0,2865.27
1652,0.44612590799031476,1551.0,2865.27
1651,0.43973349485160507,1551.0,2865.27
1647,0.4383727990285367,1551.0,2865.27
1661,0.4370860927152318,1551.0,2865.27
1657,0.45141822570911283,1551.0,2865.27
1671,0.45362058647516457,1551.0,2865.27
1674,0.4540023894862604,1551.0,2865.27
1656,0.4583333333333333,1551.0,2865.27
1671,0.4446439257929384,1551.0,2865.27
1668,0.42805755395683454,1551.0,2865.27
1648,0.4047330097087379,1548.0,2859.73
1659,0.4358047016274864,1557.0,2876.35
1652,0.4188861985472155,1548.0,2859.73
1646,0.350546780072904,1545.0,2854.19
1654,0.4480048367593712,1554.0,2870.81
1654,0.31983071342200725,1554.0,2870.81
1654,0.3567110036275695,1554.0,2870.81
1649,0.3711340206185567,1551.0,2865.27
1650,0.3527272727272727,1551.0,2865.27
1667,0.33293341331733656,1551.0,2865.27
1669,0.3505092869982025,1551.0,2865.27
1655,0.3540785498489426,1551.0,2865.27
1646,0.3572296476306197,1551.0,2865.27
1661,0.3407585791691752,1551.0,2865.27
1649,0.3274711946634324,1551.0,2865.27
1658,0.35524728588661036,1551.0,2865.27
1652,0.36743341404358354,1548.0,2859.73
1656,0.3677536231884058,1557.0,2876.35
1678,0.37902264600715135,1545.0,2854.19
1651,0.3543307086614173,1544.0,2852.35
1654,0.3295042321644498,1554.0,2870.81
1663,0.3607937462417318,1560.0,2881.89
1647,0.33272616879174255,1544.0,2852.35
1653,0.32425892316999394,1549.0,2861.58
1648,0.3434466019417476,1548.0,2859.73
1662,0.3904933814681107,1560.0,2881.89
1663,0.4058929645219483,1560.0,2881.89
1655,0.42114803625377645,1551.0,2865.27
1650,0.4224242424242424,1551.0,2865.27
1651,0.42640823743185946,1551.0,2865.27
1650,0.42848484848484847,1551.0,2865.27
1651,0.41732283464566927,1551.0,2865.27
1669,0.4092270820850809,1560.0,2881.89
1648,0.4338592233009709,1551.0,2865.27
1660,0.43493975903614457,1551.0,2865.27
1650,0.4175757575757576,1554.0,2870.81
1649,0.38872043662825956,1554.0,2870.81
1653,0.4186327888687235,1554.0,2870.81
1652,0.425544794188862,1554.0,2870.81
1640,0.400609756097561,1536.0,2837.57
1654,0.3966142684401451,1536.0,2837.57
1656,0.43478260869565216,1551.0,2865.27
1650,0.36727272727272725,1555.0,2872.66
1654,0.38814993954050786,1554.0,2870.81
1666,0.3907563025210084,1554.0,2870.81
1637,0.39951130116065975,1542.0,2848.65
1642,0.3696711327649208,1542.0,2848.65
1639,0.4246491763270287,1542.0,2848.65
1637,0.4306658521686011,1542.0,2848.65
1641,0.39853747714808047,1542.0,2848.65
1641,0.42169408897014016,1542.0,2848.65
1637,0.4111178985949908,1542.0,2848.65
1640,0.43597560975609756,1539.0,2843.11
1648,0.3950242718446602,1551.0,2865.27
1657,0.41460470730235366,1554.0,2870.81
1655,0.4108761329305136,1551.0,2865.27
1648,0.41808252427184467,1551.0,2865.27
1652,0.4128329297820823,1551.0,2865.27
1662,0.3628158844765343,1557.0,2876.35
1649,0.43056397816858705,1551.0,2865.27
1650,0.41393939393939394,1551.0,2865.27
1651,0.402786190187765,1554.0,2870.81
1653,0.4277071990320629,1554.0,2870.81
1654,0.42563482466747277,1554.0,2870.81
1669,0.40203714799281004,1551.0,2865.27
1633,0.421310471524801,1537.0,2839.42
1671,0.41651705565529623,1551.0,2865.27
1638,0.4188034188034188,1539.0,2843.11
1647,0.43594414086217365,1551.0,2865.27
1660,0.3885542168674699,1560.0,2881.89
1654,0.4419588875453446,1554.0,2870.81
1693,0.37152982870643825,1575.0,2909.59
1646,0.43438639125151884,1542.0,2848.65
1648,0.4053398058252427,1551.0,2865.27
1637,0.41539401343921806,1545.0,2854.19
1647,0.42987249544626593,1551.0,2865.27
1649,0.4178289872650091,1548.0,2859.73
1648,0.43264563106796117,1548.0,2859.73
1663,0.37702946482260974,1545.0,2854.19
1664,0.3870192307692308,1545.0,2854.19
1665,0.387987987987988,1545.0,2854.19
1661,0.4190246839253462,1548.0,2859.73
1669,0.41761533852606353,1545.0,2854.19
1670,0.3970059880239521,1545.0,2854.19
1647,0.4177292046144505,1545.0,2854.19
1645,0.3878419452887538,1545.0,2854.19
1645,0.3817629179331307,1545.0,2854.19
1645,0.39209726443769,1545.0,2854.19
1643,0.39805234327449784,1545.0,2854.19
1642,0.40316686967113274,1545.0,2854.19
1641,0.40463132236441196,1545.0,2854.19
1645,0.4024316109422492,1545.0,2854.19
1640,0.39878048780487807,1545.0,2854.19
1642,0.3654080389768575,1545.0,2854.19
1642,0.379415347137637,1545.0,2854.19
1648,0.36589805825242716,1548.0,2859.73
1641,0.45033516148689823,1545.0,2854.19
1650,0.38484848484848483,1548.0,2859.73
1641,0.3979280926264473,1542.0,2848.65
1648,0.40109223300970875,1548.0,2859.73
1658,0.41676718938480095,1548.0,2859.73
1642,0.4464068209500609,1548.0,2859.73
1648,0.404126213592233,1548.0,2859.73
1652,0.43886198547215494,1548.0,2859.73
1663,0.3782321106434155,1548.0,2859.73
1642,0.402557856272838,1546.0,2856.04
1697,0.4130819092516205,1602.0,2959.45
1706,0.41090269636576787,1602.0,2959.45
1696,0.41509433962264153,1602.0,2959.45
1700,0.39,1602.0,2959.45
1649,0.4214675560946028,1546.0,2856.04
1703,0.4169113329418673,1602.0,2959.45
1708,0.41569086651053866,1611.0,2976.07
1719,0.38685282140779526,1602.0,2959.45
1705,0.3847507331378299,1602.0,2959.45
1712,0.40595794392523366,1602.0,2959.45
1700,0.4164705882352941,1602.0,2959.45
1644,0.38564476885644766,1545.0,2854.19
1636,0.39486552567237165,1539.0,2843.11
1637,0.3891264508246793,1539.0,2843.11
1653,0.38475499092558985,1539.0,2843.11
1652,0.3837772397094431,1539.0,2843.11
1648,0.3901699029126214,1539.0,2843.11
1659,0.36949969861362264,1539.0,2843.11
1655,0.3667673716012085,1539.0,2843.11
1654,0.375453446191052,1539.0,2843.11
1662,0.36883273164861613,1539.0,2843.11
1652,0.4019370460048426,1548.0,2859.73
1643,0.4035301278149726,1545.0,2854.19
1645,0.36717325227963526,1545.0,2854.19
1637,0.4092852779474649,1539.0,2843.11
1648,0.36771844660194175,1548.0,2859.73
1651,0.3725015142337977,1548.0,2859.73
1668,0.3800959232613909,1548.0,2859.73
1663,0.3890559230306675,1548.0,2859.73
1643,0.39622641509433965,1548.0,2859.73
1651,0.3827983040581466,1548.0,2859.73
1655,0.39093655589123866,1548.0,2859.73
1647,0.3867638129933212,1548.0,2859.73
1644,0.38564476885644766,1548.0,2859.73
1651,0.38643246517262264,1548.0,2859.73
1656,0.37983091787439616,1548.0,2859.73
1647,0.38312082574377654,1548.0,2859.73
1651,0.38158691701998787,1548.0,2859.73
1643,0.38831405964698723,1545.0,2854.19
1651,0.38885523924894005,1548.0,2859.73
1647,0.4007285974499089,1548.0,2859.73
1648,0.3883495145631068,1545.0,2854.19
1649,0.38447543966040026,1548.0,2859.73
1643,0.386488131466829,1548.0,2859.73
1646,0.3869987849331713,1548.0,2859.73
1646,0.393681652490887,1548.0,2859.73
1646,0.39185905224787365,1548.0,2859.73
1662,0.41636582430806257,1555.0,2872.66
1656,0.4196859903381642,1558.0,2878.2
1669,0.4409826243259437,1564.0,2889.28
1658,0.4457177322074789,1555.0,2872.66
1643,0.40109555690809495,1543.0,2850.5
1686,0.40213523131672596,1584.0,2926.21
1657,0.41460470730235366,1557.0,2876.35
1660,0.4126506024096386,1557.0,2876.35
1656,0.4148550724637681,1557.0,2876.35
1658,0.41556091676718937,1557.0,2876.35
1658,0.3986731001206273,1557.0,2876.35
1658,0.4028950542822678,1557.0,2876.35
1658,0.3968636911942099,1547.0,2857.89
1658,0.40048250904704463,1557.0,2876.35
1660,0.39759036144578314,1557.0,2876.35
1655,0.4012084592145015,1557.0,2876.35
1697,0.3906894519740719,1593.0,2942.83
1657,0.39167169583584793,1555.0,2872.66
1648,0.42900485436893204,1551.0,2865.27
1646,0.4513973268529769,1551.0,2865.27
1656,0.42089371980676327,1551.0,2865.27
1651,0.418534221683828,1551.0,2865.27
1648,0.4575242718446602,1551.0,2865.27
1662,0.4518652226233454,1551.0,2865.27
1652,0.43825665859564167,1551.0,2865.27
1651,0.4300423985463356,1551.0,2865.27
1647,0.4286581663630844,1551.0,2865.27
1663,0.42273000601322913,1551.0,2865.27
1651,0.41913991520290733,1551.0,2865.27
1649,0.44026682838083686,1551.0,2865.27
1645,0.451063829787234,1551.0,2865.27
1651,0.4179285281647486,1551.0,2865.27
1646,0.42345078979343864,1551.0,2865.27
1695,0.4342182890855457,1551.0,2865.27
1648,0.433252427184466,1551.0,2865.27
1649,0.4323832625833839,1551.0,2865.27
1678,0.4374255065554231,1551.0,2865.27
1664,0.4753605769230769,1551.0,2865.27
1648,0.47815533980582525,1551.0,2865.27
1642,0.48294762484774667,1551.0,2865.27
1650,0.47515151515151516,1551.0,2865.27
1665,0.4744744744744745,1551.0,2865.27
1647,0.47965998785670916,1551.0,2865.27
1646,0.45929526123936815,1551.0,2865.27
1644,0.4628953771289538,1551.0,2865.27
1643,0.4613511868533171,1551.0,2865.27
1649,0.4681625227410552,1551.0,2865.27
1660,0.4674698795180723,1551.0,2865.27
1648,0.47572815533980584,1551.0,2865.27
1648,0.470873786407767,1551.0,2865.27
1653,0.44888082274652147,1551.0,2865.27
1652,0.44975786924939465,1551.0,2865.27
1648,0.466626213592233,1551.0,2865.27
1653,0.44888082274652147,1551.0,2865.27
1645,0.4553191489361702,1551.0,2865.27
1651,0.434282253179891,1551.0,2865.27
1657,0.4586602293301147,1551.0,2865.27
1655,0.4308157099697885,1551.0,2865.27
1645,0.4231003039513678,1551.0,2865.27
1642,0.44884287454323996,1551.0,2865.27
1649,0.43541540327471195,1551.0,2865.27
1647,0.44383727990285365,1551.0,2865.27
1644,0.4343065693430657,1551.0,2865.27
1646,0.43256379100850545,1551.0,2865.27
1650,0.4406060606060606,1551.0,2865.27
1645,0.435258358662614,1551.0,2865.27
1642,0.4354445797807552,1551.0,2865.27
1647,0.432301153612629,1551.0,2865.27
1646,0.43195625759416767,1551.0,2865.27
1649,0.43056397816858705,1551.0,2865.27
1649,0.44996967859308673,1548.0,2859.73
1666,0.4327731092436975,1547.0,2857.89
1649,0.4329896907216495,1551.0,2865.27
1648,0.41201456310679613,1447.0,2673.22
1650,0.4351515151515152,1551.0,2865.27
1670,0.4353293413173653,1551.0,2865.27
1647,0.4225865209471767,1549.0,2861.58
1647,0.43108682452944747,1551.0,2865.27
1666,0.3997599039615846,1551.0,2865.27
1653,0.4053236539624924,1551.0,2865.27
1646,0.4161603888213852,1551.0,2865.27
1650,0.4303030303030303,1551.0,2865.27
1665,0.436036036036036,1551.0,2865.27
1677,0.41443053070960045,1551.0,2865.27
1646,0.42952612393681655,1551.0,2865.27
1649,0.42874469375379015,1551.0,2865.27
1653,0.4246823956442831,1551.0,2865.27
1647,0.416514875531269,1551.0,2865.27
1658,0.43727382388419783,1551.0,2865.27
1651,0.43549364021804965,1551.0,2865.27
1649,0.43966040024257125,1551.0,2865.27
1648,0.43143203883495146,1551.0,2865.27
1691,0.42637492607924304,1551.0,2865.27
1656,0.43176328502415456,1551.0,2865.27
1690,0.4254437869822485,1551.0,2865.27
1685,0.42373887240356084,1551.0,2865.27
1653,0.4379915305505142,1551.0,2865.27
1653,0.4519056261343013,1551.0,2865.27
1649,0.43905397210430563,1551.0,2865.27
1670,0.4407185628742515,1551.0,2865.27
1652,0.43825665859564167,1551.0,2865.27
1652,0.4539951573849879,1551.0,2865.27
1653,0.4337568058076225,1551.0,2865.27
1652,0.44128329297820823,1551.0,2865.27
1673,0.4237895995218171,1551.0,2865.27
1653,0.4537205081669691,1549.0,2861.58
1649,0.45057610673135234,1551.0,2865.27
1641,0.4509445460085314,1551.0,2865.27
1652,0.45944309927360777,1551.0,2865.27
1651,0.4373107207752877,1551.0,2865.27
1646,0.45504252733900363,1551.0,2865.27
1653,0.426497277676951,1551.0,2865.27
1647,0.4183363691560413,1551.0,2865.27
1647,0.42501517911353975,1551.0,2865.27
1665,0.421021021021021,1551.0,2865.27
1664,0.421875,1551.0,2865.27
1654,0.4147521160822249,1551.0,2865.27
1655,0.43867069486404836,1551.0,2865.27
1652,0.43825665859564167,1551.0,2865.27
1656,0.42391304347826086,1551.0,2865.27
1649,0.44511825348696177,1551.0,2865.27
1651,0.4585099939430648,1551.0,2865.27
1652,0.4533898305084746,1551.0,2865.27
1651,0.45608721986674744,1551.0,2865.27
1652,0.4515738498789346,1551.0,2865.27
1647,0.445658773527626,1551.0,2865.27
1651,0.45608721986674744,1551.0,2865.27
1653,0.4537205081669691,1551.0,2865.27
1650,0.463030303030303,1551.0,2865.27
1654,0.4570737605804111,1551.0,2865.27
1659,0.4526823387582881,1551.0,2865.27
1647,0.44869459623557983,1551.0,2865.27
1651,0.44881889763779526,1551.0,2865.27
1651,0.4463961235614779,1551.0,2865.27
1651,0.4451847365233192,1551.0,2865.27
1647,0.4365513054037644,1551.0,2865.27
1647,0.44808743169398907,1551.0,2865.27
1645,0.435258358662614,1551.0,2865.27
1646,0.4398541919805589,1551.0,2865.27
1645,0.4310030395136778,1551.0,2865.27
1653,0.42165759225650334,1551.0,2865.27
1651,0.4258025439127801,1551.0,2865.27
1647,0.42926533090467517,1551.0,2865.27
1647,0.44505160898603524,1551.0,2865.27
1656,0.42632850241545894,1551.0,2865.27
1652,0.4582324455205811,1551.0,2865.27
1650,0.46060606060606063,1551.0,2865.27
1647,0.4207650273224044,1551.0,2865.27
1658,0.44330518697225574,1551.0,2865.27
1667,0.44571085782843434,1551.0,2865.27
1649,0.4329896907216495,1551.0,2865.27
1646,0.4404617253948967,1551.0,2865.27
1648,0.42839805825242716,1551.0,2865.27
1649,0.4530018192844148,1551.0,2865.27
1646,0.4356014580801944,1551.0,2865.27
1653,0.44041137326073804,1551.0,2865.27
1645,0.44984802431610943,1551.0,2865.27
1652,0.4642857142857143,1551.0,2865.27
1645,0.4553191489361702,1551.0,2865.27
1654,0.47339782345828296,1551.0,2865.27
1658,0.4776839565741858,1551.0,2865.27
1658,0.4601930036188179,1551.0,2865.27
1643,0.43639683505782106,1551.0,2865.27
1656,0.44082125603864736,1551.0,2865.27
1648,0.4550970873786408,1551.0,2865.27
1646,0.47023086269744835,1551.0,2865.27
1652,0.4648910411622276,1551.0,2865.27
1644,0.43369829683698297,1551.0,2865.27
1650,0.44727272727272727,1551.0,2865.27
1653,0.45614035087719296,1549.0,2861.58
1646,0.47023086269744835,1551.0,2865.27
1650,0.4593939393939394,1551.0,2865.27
1650,0.4824242424242424,1551.0,2865.27
1646,0.4240583232077764,1551.0,2865.27
1665,0.45585585585585586,1551.0,2865.27
1648,0.4375,1551.0,2865.27
1648,0.4557038834951456,1551.0,2865.27
1649,0.44693753790175866,1551.0,2865.27
1656,0.45108695652173914,1551.0,2865.27
1649,0.40873256519102485,1548.0,2859.73
1645,0.42735562310030395,1548.0,2859.73
1650,0.4490909090909091,1548.0,2859.73
1652,0.42675544794188863,1548.0,2859.73
1656,0.4329710144927536,1548.0,2859.73
1651,0.4318594791035736,1548.0,2859.73
1648,0.44478155339805825,1548.0,2859.73
1647,0.44505160898603524,1548.0,2859.73
1641,0.44972577696526506,1548.0,2859.73
1646,0.4513973268529769,1548.0,2859.73
1638,0.4481074481074481,1548.0,2859.73
1644,0.4628953771289538,1548.0,2859.73
1648,0.433252427184466,1548.0,2859.73
1646,0.4513973268529769,1548.0,2859.73
1649,0.4493632504548211,1548.0,2859.73
1650,0.47454545454545455,1548.0,2859.73
1652,0.4491525423728814,1548.0,2859.73
1650,0.46606060606060606,1548.0,2859.73
1653,0.4652147610405324,1548.0,2859.73
1647,0.4632665452337584,1548.0,2859.73
1645,0.4534954407294833,1548.0,2859.73
1648,0.4538834951456311,1548.0,2859.73
1652,0.4449152542372881,1551.0,2865.27
1668,0.4382494004796163,1551.0,2865.27
1647,0.41105039465695203,1551.0,2865.27
1654,0.4570737605804111,1551.0,2865.27
1646,0.46051032806804376,1551.0,2865.27
1652,0.4225181598062954,1551.0,2865.27
1650,0.41393939393939394,1551.0,2865.27
1648,0.44902912621359226,1551.0,2865.27
1655,0.4362537764350453,1551.0,2865.27
1658,0.43063932448733416,1551.0,2865.27
1649,0.4335961188599151,1551.0,2865.27
1663,0.42573662056524353,1551.0,2865.27
1648,0.43264563106796117,1551.0,2865.27
1641,0.43205362583790374,1551.0,2865.27
1660,0.4259036144578313,1551.0,2865.27
1651,0.43367655966081164,1551.0,2865.27
1667,0.4367126574685063,1551.0,2865.27
1657,0.45745322872661437,1551.0,2865.27
1670,0.47904191616766467,1551.0,2865.27
1675,0.4716417910447761,1560.0,2881.89
1643,0.47413268411442483,1551.0,2865.27
1671,0.4703770197486535,1551.0,2865.27
1646,0.47691373025516404,1551.0,2865.27
1663,0.4624173180998196,1551.0,2865.27
1655,0.46586102719033234,1551.0,2865.27
1648,0.4563106796116505,1551.0,2865.27
1653,0.4603750756200847,1551.0,2865.27
1651,0.45608721986674744,1551.0,2865.27
1657,0.4568497284248642,1551.0,2865.27
1654,0.46130592503022977,1551.0,2865.27
1654,0.4528415961305925,1551.0,2865.27
1654,0.4540507859733978,1551.0,2865.27
1694,0.423258559622196,1557.0,2876.35
1697,0.4260459634649381,1557.0,2876.35
1675,0.4376119402985075,1557.0,2876.35
1674,0.43667861409796893,1557.0,2876.35
1647,0.46083788706739526,1551.0,2865.27
1663,0.449789536981359,1551.0,2865.27
1650,0.43393939393939396,1551.0,2865.27
1651,0.4373107207752877,1551.0,2865.27
1649,0.44693753790175866,1551.0,2865.27
1674,0.44743130227001193,1551.0,2865.27
1674,0.4402628434886499,1551.0,2865.27
1660,0.4710843373493976,1560.0,2881.89
1658,0.4601930036188179,1560.0,2881.89
1660,0.4512048192771084,1560.0,2881.89
1668,0.4580335731414868,1551.0,2865.27
1669,0.46854403834631514,1551.0,2865.27
1649,0.45603395997574286,1551.0,2865.27
1658,0.4638118214716526,1542.0,2848.65
1665,0.4594594594594595,1560.0,2881.89
1662,0.4651022864019254,1551.0,2865.27
1647,0.4268366727383121,1551.0,2865.27
1650,0.43757575757575756,1551.0,2865.27
1685,0.4688427299703264,1551.0,2865.27
1656,0.46557971014492755,1549.0,2861.58
1655,0.454380664652568,1560.0,2881.89
1647,0.4395871281117183,1551.0,2865.27
1651,0.4415505754088431,1551.0,2865.27
1649,0.44633110976349305,1551.0,2865.27
1649,0.45178896300788357,1551.0,2865.27
1648,0.4496359223300971,1551.0,2865.27
1650,0.4484848484848485,1551.0,2865.27
1651,0.44579043004239854,1547.0,2857.89
1648,0.4550970873786408,1549.0,2861.58
1650,0.4587878787878788,1551.0,2865.27
1651,0.4451847365233192,1551.0,2865.27
1652,0.437046004842615,1549.0,2861.58
1651,0.434282253179891,1551.0,2865.27
1647,0.4383727990285367,1551.0,2865.27
1649,0.4426925409338993,1551.0,2865.27
1653,0.42528735632183906,1551.0,2865.27
1663,0.44197233914612144,1551.0,2865.27
1660,0.4457831325301205,1551.0,2865.27
1650,0.45636363636363636,1551.0,2865.27
1650,0.4503030303030303,1551.0,2865.27
1654,0.45223700120918986,1551.0,2865.27
1661,0.44431065623118604,1560.0,2881.89
1648,0.4496359223300971,1551.0,2865.27
1651,0.43791641429436706,1551.0,2865.27
1657,0.4496077248038624,1551.0,2865.27
1654,0.4534461910519952,1551.0,2865.27
1648,0.44781553398058255,1551.0,2865.27
1646,0.44532199270959905,1551.0,2865.27
1655,0.4453172205438066,1551.0,2865.27
1660,0.4536144578313253,1560.0,2881.89
1650,0.45212121212121215,1551.0,2865.27
1647,0.36247723132969034,1542.0,2848.65
1645,0.3939209726443769,1542.0,2848.65
1643,0.34388314059646985,1542.0,2848.65
1644,0.3570559610705596,1542.0,2848.65
1643,0.371880706025563,1542.0,2848.65
1659,0.3423749246534057,1542.0,2848.65
1640,0.33902439024390246,1542.0,2848.65
1645,0.35379939209726446,1542.0,2848.65
1650,0.3606060606060606,1548.0,2859.73
1641,0.36745886654478976,1542.0,2848.65
1641,0.3595368677635588,1542.0,2848.65
1647,0.37947783849423194,1542.0,2848.65
1645,0.3939209726443769,1542.0,2848.65
1644,0.3740875912408759,1542.0,2848.65
1643,0.3956177723676202,1542.0,2848.65
1640,0.3957317073170732,1542.0,2848.65
1640,0.3884146341463415,1542.0,2848.65
1643,0.3907486305538649,1542.0,2848.65
1643,0.418746195982958,1542.0,2848.65
1666,0.3865546218487395,1542.0,2848.65
1659,0.377335744424352,1542.0,2848.65
1667,0.40311937612477505,1542.0,2848.65
1661,0.40096327513546054,1542.0,2848.65
1643,0.40048691418137555,1542.0,2848.65
1664,0.38221153846153844,1542.0,2848.65
1645,0.3768996960486322,1548.0,2859.73
1664,0.38882211538461536,1557.0,2876.35
1661,0.3973509933774834,1542.0,2848.65
1640,0.37378048780487805,1542.0,2848.65
1647,0.3649058894960534,1548.0,2859.73
1647,0.366120218579235,1551.0,2865.27
1641,0.4296160877513711,1542.0,2848.65
1635,0.43241590214067277,1542.0,2848.65
1641,0.4137720901889092,1542.0,2848.65
1646,0.4082624544349939,1545.0,2854.19
1639,0.4185478950579622,1541.0,2846.81
1643,0.36275106512477173,1545.0,2854.19
1640,0.3359756097560976,1545.0,2854.19
1661,0.4027694160144491,1545.0,2854.19
1640,0.36829268292682926,1545.0,2854.19
1639,0.3813300793166565,1545.0,2854.19
1644,0.3570559610705596,1545.0,2854.19
1640,0.38902439024390245,1545.0,2854.19
1647,0.3709775349119611,1548.0,2859.73
1645,0.3404255319148936,1545.0,2854.19
1653,0.41742286751361163,1545.0,2854.19
1641,0.41681901279707495,1545.0,2854.19
1647,0.4080145719489982,1545.0,2854.19
1664,0.40024038461538464,1545.0,2854.19
1672,0.4061004784688995,1545.0,2854.19
1660,0.41445783132530123,1545.0,2854.19
1661,0.40878988561107765,1545.0,2854.19
1646,0.4082624544349939,1545.0,2854.19
1663,0.40829825616355986,1545.0,2854.19
1645,0.4231003039513678,1545.0,2854.19
1662,0.42478941034897716,1545.0,2854.19
1663,0.42934455802766086,1545.0,2854.19
1647,0.39344262295081966,1545.0,2854.19
1648,0.3901699029126214,1545.0,2854.19
1643,0.4619598295800365,1545.0,2854.19
1662,0.35679903730445245,1545.0,2854.19
1642,0.37088915956151036,1545.0,2854.19
1646,0.35844471445929527,1545.0,2854.19
1639,0.36363636363636365,1545.0,2854.19
1648,0.3567961165048544,1405.0,2595.66
1643,0.3755325623858795,1545.0,2854.19
1642,0.3861144945188794,1545.0,2854.19
1642,0.3861144945188794,1545.0,2854.19
1651,0.37431859479103574,1545.0,2854.19
1646,0.41251518833535844,1545.0,2854.19
1642,0.3982947624847747,1545.0,2854.19
1646,0.37910085054678005,1545.0,2854.19
1663,0.42092603728202044,1549.0,2861.58
1659,0.4424352019288728,1549.0,2861.58
1676,0.4051312649164678,1551.0,2865.27
1649,0.36628259551243175,1554.0,2870.81
1651,0.3670502725620836,1554.0,2870.81
1653,0.3684210526315789,1554.0,2870.81
1664,0.36899038461538464,1554.0,2870.81
1656,0.38405797101449274,1545.0,2854.19
1643,0.4035301278149726,1545.0,2854.19
1637,0.39645693341478316,1545.0,2854.19
1651,0.40399757722592367,1545.0,2854.19
1641,0.3930530164533821,1545.0,2854.19
1639,0.39658328248932273,1545.0,2854.19
1655,0.3867069486404834,1554.0,2870.81
1645,0.39270516717325227,1545.0,2854.19
1658,0.3956574185765983,1545.0,2854.19
1653,0.3762855414398064,1545.0,2854.19
1656,0.36835748792270534,1545.0,2854.19
1653,0.37265577737447064,1545.0,2854.19
1656,0.3756038647342995,1545.0,2854.19
1654,0.37605804111245467,1545.0,2854.19
1653,0.39624924379915305,1545.0,2854.19
1635,0.40305810397553515,1545.0,2854.19
1651,0.39309509388249547,1545.0,2854.19
1636,0.40097799511002447,1545.0,2854.19
1642,0.3781973203410475,1545.0,2854.19
1639,0.38682123245881633,1545.0,2854.19
1655,0.38429003021148034,1545.0,2854.19
1661,0.3798916315472607,1545.0,2854.19
1662,0.37364620938628157,1545.0,2854.19
1661,0.38049367850692356,1545.0,2854.19
1637,0.39401343921808185,1545.0,2854.19
1649,0.3905397210430564,1545.0,2854.19
1654,0.3730350665054414,1545.0,2854.19
1653,0.38898971566848156,1545.0,2854.19
1652,0.39648910411622273,1545.0,2854.19
1654,0.39117291414752114,1545.0,2854.19
1655,0.343202416918429,1545.0,2854.19
1652,0.3371670702179177,1545.0,2854.19
1645,0.3841945288753799,1537.0,2839.42
1644,0.36678832116788324,1545.0,2854.19
1641,0.36806825106642294,1545.0,2854.19
1653,0.411373260738052,1545.0,2854.19
1660,0.4234939759036145,1545.0,2854.19
1653,0.40411373260738054,1545.0,2854.19
1644,0.40632603406326034,1545.0,2854.19
1645,0.3951367781155015,1545.0,2854.19
1644,0.4057177615571776,1545.0,2854.19
1644,0.4343065693430657,1545.0,2854.19
1641,0.4308348567946374,1545.0,2854.19
1674,0.4032258064516129,1545.0,2854.19
1677,0.37924865831842575,1545.0,2854.19
1648,0.38349514563106796,1545.0,2854.19
1648,0.38349514563106796,1545.0,2854.19
1639,0.38316046369737644,1545.0,2854.19
1648,0.38349514563106796,1545.0,2854.19
1648,0.38349514563106796,1545.0,2854.19
1638,0.39194139194139194,1545.0,2854.19
1639,0.3886516168395363,1545.0,2854.19
1647,0.3655130540376442,1545.0,2854.19
1644,0.39476885644768855,1545.0,2854.19
1650,0.3987878787878788,1545.0,2854.19
1640,0.4060975609756098,1545.0,2854.19
1639,0.39780353874313606,1545.0,2854.19
1638,0.4065934065934066,1545.0,2854.19
1638,0.4065934065934066,1545.0,2854.19
1641,0.4034125533211456,1545.0,2854.19
1642,0.392204628501827,1545.0,2854.19
1642,0.39707673568818513,1545.0,2854.19
1642,0.4074299634591961,1545.0,2854.19
1645,0.39756838905775077,1545.0,2854.19
1648,0.38470873786407767,1545.0,2854.19
1644,0.40389294403892945,1545.0,2854.19
1641,0.3607556368068251,1545.0,2854.19
1658,0.36248492159227985,1545.0,2854.19
1644,0.3570559610705596,1545.0,2854.19
1648,0.38228155339805825,1545.0,2854.19
1643,0.4138770541692027,1545.0,2854.19
1640,0.3926829268292683,1545.0,2854.19
1648,0.4095873786407767,1545.0,2854.19
1637,0.4147831398900428,1545.0,2854.19
1650,0.4090909090909091,1545.0,2854.19
1660,0.41927710843373495,1545.0,2854.19
1641,0.3863497867154174,1545.0,2854.19
1659,0.3682941531042797,1545.0,2854.19
1654,0.38814993954050786,1545.0,2854.19
1642,0.3915956151035323,1545.0,2854.19
1653,0.38596491228070173,1545.0,2854.19
1660,0.39156626506024095,1545.0,2854.19
1658,0.37454764776839566,1545.0,2854.19
1642,0.3982947624847747,1545.0,2854.19
1647,0.38129933211900424,1545.0,2854.19
1635,0.40489296636085625,1545.0,2854.19
1660,0.41325301204819276,1545.0,2854.19
1639,0.40756558877364246,1545.0,2854.19
1654,0.40084643288996374,1545.0,2854.19
1642,0.41169305724725946,1545.0,2854.19
1637,0.3805742211362248,1545.0,2854.19
1644,0.42700729927007297,1545.0,2854.19
1656,0.39553140096618356,1544.0,2852.35
1639,0.38743136058572303,1545.0,2854.19
1644,0.39476885644768855,1551.0,2865.27
1655,0.3631419939577039,1545.0,2854.19
1648,0.3786407766990291,1545.0,2854.19
1642,0.3812423873325213,1545.0,2854.19
1646,0.37910085054678005,1545.0,2854.19
1649,0.3947847180109157,1545.0,2854.19
1645,0.4182370820668693,1545.0,2854.19
1645,0.3993920972644377,1545.0,2854.19
1638,0.4133089133089133,1545.0,2854.19
1640,0.41524390243902437,1545.0,2854.19
1638,0.4175824175824176,1545.0,2854.19
1639,0.4142769981696156,1545.0,2854.19
1640,0.39634146341463417,1545.0,2854.19
1644,0.395985401459854,1545.0,2854.19
1644,0.41119221411192214,1545.0,2854.19
1649,0.4050939963614312,1545.0,2854.19
1648,0.4071601941747573,1545.0,2854.19
1648,0.4059466019417476,1545.0,2854.19
1645,0.4066869300911854,1545.0,2854.19
1644,0.3984184914841849,1545.0,2854.19
1642,0.4123020706455542,1545.0,2854.19
1640,0.4097560975609756,1545.0,2854.19
1644,0.4081508515815085,1545.0,2854.19
1648,0.4053398058252427,1545.0,2854.19
1664,0.4014423076923077,1545.0,2854.19
1652,0.40799031476997577,1545.0,2854.19
1640,0.4091463414634146,1545.0,2854.19
1664,0.40444711538461536,1545.0,2854.19
1644,0.3655717761557178,1545.0,2854.19
1641,0.3668494820231566,1545.0,2854.19
1646,0.3979343863912515,1545.0,2854.19
1650,0.41818181818181815,1545.0,2854.19
1642,0.40316686967113274,1545.0,2854.19
1645,0.4115501519756839,1545.0,2854.19
1645,0.4121580547112462,1545.0,2854.19
1644,0.4142335766423358,1545.0,2854.19
1636,0.4119804400977995,1545.0,2854.19
1639,0.41122635753508235,1545.0,2854.19
1636,0.3918092909535452,1545.0,2854.19
1639,0.39536302623550945,1545.0,2854.19
1649,0.3947847180109157,1551.0,2865.27
1678,0.3909415971394517,1551.0,2865.27
1652,0.4001210653753027,1554.0,2870.81
1666,0.3967587034813926,1551.0,2865.27
1659,0.4092827004219409,1554.0,2870.81
1663,0.3656043295249549,1531.0,2828.34
1647,0.3709775349119611,1551.0,2865.27
1653,0.37265577737447064,1551.0,2865.27
1650,0.3690909090909091,1551.0,2865.27
1670,0.36347305389221557,1547.0,2857.89
1670,0.37005988023952097,1551.0,2865.27
1650,0.37212121212121213,1551.0,2865.27
1658,0.3703256936067551,1551.0,2865.27
1648,0.38106796116504854,1551.0,2865.27
1658,0.376357056694813,1551.0,2865.27
1650,0.3793939393939394,1551.0,2865.27
1647,0.37644201578627806,1551.0,2865.27
1653,0.37749546279491836,1551.0,2865.27
1653,0.37689050211736236,1551.0,2865.27
1652,0.3710653753026634,1551.0,2865.27
1644,0.3759124087591241,1551.0,2865.27
1650,0.3806060606060606,1551.0,2865.27
1648,0.3932038834951456,1551.0,2865.27
1654,0.3978234582829504,1551.0,2865.27
1649,0.39235900545785324,1551.0,2865.27
1653,0.397459165154265,1551.0,2865.27
1677,0.3780560524746571,1551.0,2865.27
1678,0.38557806912991655,1545.0,2854.19
1647,0.42501517911353975,1551.0,2865.27
1642,0.4366626065773447,1551.0,2865.27
1648,0.41262135922330095,1551.0,2865.27
1658,0.40349819059107356,1551.0,2865.27
1653,0.39080459770114945,1551.0,2865.27
1650,0.396969696969697,1551.0,2865.27
1653,0.397459165154265,1551.0,2865.27
1653,0.40048396854204477,1551.0,2865.27
1654,0.39721886336154777,1551.0,2865.27
1653,0.40411373260738054,1551.0,2865.27
1649,0.3905397210430564,1551.0,2865.27
1651,0.4076317383403998,1551.0,2865.27
1651,0.4076317383403998,1551.0,2865.27
1650,0.40969696969696967,1551.0,2865.27
1649,0.42449969678593086,1546.0,2856.04
1675,0.4077611940298507,1555.0,2872.66
1659,0.39059674502712477,1545.0,2854.19
1661,0.39072847682119205,1545.0,2854.19
1655,0.40483383685800606,1545.0,2854.19
1659,0.37010247136829416,1545.0,2854.19
1640,0.3701219512195122,1545.0,2854.19
1650,0.37393939393939396,1545.0,2854.19
1648,0.36468446601941745,1545.0,2854.19
1646,0.370595382746051,1545.0,2854.19
1643,0.371880706025563,1545.0,2854.19
1652,0.37227602905569007,1545.0,2854.19
1654,0.36275695284159615,1545.0,2854.19
1646,0.3645200486026732,1543.0,2850.5
1658,0.3455971049457177,1545.0,2854.19
1643,0.35057821059038347,1545.0,2854.19
1647,0.34972677595628415,1541.0,2846.81
1656,0.35144927536231885,1545.0,2854.19
1644,0.33880778588807786,1545.0,2854.19
1645,0.37325227963525837,1545.0,2854.19
1656,0.3810386473429952,1545.0,2854.19
1664,0.37740384615384615,1545.0,2854.19
1646,0.39489671931956255,1545.0,2854.19
1641,0.4040219378427788,1545.0,2854.19
1641,0.39549055453991466,1545.0,2854.19
1639,0.3910921293471629,1545.0,2854.19
1637,0.3989004276114844,1545.0,2854.19
1639,0.3941427699816962,1545.0,2854.19
1635,0.39510703363914373,1545.0,2854.19
1653,0.3781004234724743,1545.0,2854.19
1659,0.379746835443038,1545.0,2854.19
1648,0.36347087378640774,1545.0,2854.19
1644,0.3746958637469586,1545.0,2854.19
1653,0.382335148215366,1545.0,2854.19
1652,0.3904358353510896,1545.0,2854.19
1660,0.386144578313253,1545.0,2854.19
1659,0.3857745629897529,1545.0,2854.19
1661,0.3792895845875978,1545.0,2854.19
1656,0.38164251207729466,1545.0,2854.19
1655,0.3945619335347432,1545.0,2854.19
1659,0.4014466546112116,1545.0,2854.19
1658,0.36791314837153194,1545.0,2854.19
1642,0.40012180267965897,1545.0,2854.19
1654,0.3887545344619105,1545.0,2854.19
1636,0.39792176039119803,1545.0,2854.19
1648,0.3804611650485437,1545.0,2854.19
1636,0.38325183374083127,1545.0,2854.19
1641,0.37903717245581964,1545.0,2854.19
1645,0.39878419452887537,1545.0,2854.19
1645,0.3829787234042553,1545.0,2854.19
1645,0.3993920972644377,1543.0,2850.5
1658,0.402291917973462,1545.0,2854.19
1658,0.39384800965018096,1545.0,2854.19
1653,0.3793103448275862,1545.0,2854.19
1656,0.3864734299516908,1545.0,2854.19
1657,0.40615570307785154,1545.0,2854.19
1661,0.40517760385310053,1545.0,2854.19
1644,0.4172749391727494,1545.0,2854.19
1644,0.4197080291970803,1542.0,2848.65
1641,0.41803778184034124,1542.0,2848.65
1645,0.39878419452887537,1545.0,2854.19
1635,0.38960244648318043,1542.0,2848.65
1638,0.38644688644688646,1542.0,2848.65
1665,0.34174174174174177,1545.0,2854.19
1639,0.350823672971324,1542.0,2848.65
1655,0.34924471299093657,1542.0,2848.65
1654,0.36275695284159615,1545.0,2854.19
1652,0.38256658595641646,1554.0,2870.81
1632,0.36151960784313725,1542.0,2848.65
1667,0.3593281343731254,1548.0,2859.73
1662,0.35679903730445245,1538.0,2841.27
1639,0.3642464917632703,1542.0,2848.65
1658,0.3703256936067551,1542.0,2848.65
1650,0.3624242424242424,1542.0,2848.65
1647,0.3594414086217365,1542.0,2848.65
1655,0.3413897280966767,1542.0,2848.65
1684,0.34382422802850354,1542.0,2848.65
1643,0.3542300669506999,1542.0,2848.65
1682,0.3501783590963139,1542.0,2848.65
1643,0.3712720632988436,1542.0,2848.65
1649,0.35051546391752575,1542.0,2848.65
1644,0.3564476885644769,1542.0,2848.65
1653,0.41681790683605563,1545.0,2854.19
1691,0.3660555884092253,1548.0,2859.73
1662,0.3953068592057762,1548.0,2859.73
1641,0.408897014015844,1545.0,2854.19
1657,0.40012070006035005,1545.0,2854.19
1643,0.42057212416311623,1545.0,2854.19
1643,0.3797930614729154,1519.0,2806.18
1646,0.40643985419198053,1545.0,2854.19
1646,0.402187120291616,1545.0,2854.19
1642,0.4043848964677223,1545.0,2854.19
1640,0.40792682926829266,1545.0,2854.19
1644,0.38503649635036497,1545.0,2854.19
1651,0.404603270745003,1545.0,2854.19
1670,0.3898203592814371,1545.0,2854.19
1643,0.4120511259890444,1545.0,2854.19
1646,0.3572296476306197,1545.0,2854.19
1686,0.38137603795966785,1545.0,2854.19
1645,0.3817629179331307,1545.0,2854.19
1665,0.36816816816816816,1545.0,2854.19
1665,0.3633633633633634,1545.0,2854.19
1672,0.3654306220095694,1545.0,2854.19
1647,0.37158469945355194,1545.0,2854.19
1647,0.37522768670309653,1545.0,2854.19
1643,0.4132684114424833,1545.0,2854.19
1654,0.41293833131801694,1545.0,2854.19
1647,0.3618700667880996,1545.0,2854.19
1642,0.37880633373934225,1545.0,2854.19
1642,0.37880633373934225,1545.0,2854.19
1643,0.37431527693244065,1545.0,2854.19
1660,0.3674698795180723,1545.0,2854.19
1667,0.34973005398920215,1545.0,2854.19
1664,0.359375,1545.0,2854.19
1667,0.3809238152369526,1545.0,2854.19
1666,0.36614645858343337,1545.0,2854.19
1656,0.3641304347826087,1545.0,2854.19
1638,0.3766788766788767,1545.0,2854.19
1664,0.34975961538461536,1545.0,2854.19
1641,0.37842778793418647,1545.0,2854.19
1645,0.3768996960486322,1545.0,2854.19
1652,0.3486682808716707,1545.0,2854.19
1642,0.37393422655298414,1545.0,2854.19
1642,0.392204628501827,1545.0,2854.19
1640,0.3878048780487805,1545.0,2854.19
1641,0.3826934795856185,1545.0,2854.19
1642,0.3879415347137637,1545.0,2854.19
1663,0.3890559230306675,1545.0,2854.19
1639,0.3910921293471629,1545.0,2854.19
1655,0.38549848942598186,1545.0,2854.19
1644,0.4002433090024331,1542.0,2848.65
1638,0.38522588522588525,1542.0,2848.65
1637,0.3860720830788027,1542.0,2848.65
1650,0.37696969696969695,1542.0,2848.65
1653,0.37568058076225047,1542.0,2848.65
1640,0.42073170731707316,1542.0,2848.65
1649,0.42025469981807156,1542.0,2848.65
1639,0.4100061012812691,1542.0,2848.65
1657,0.4315027157513579,1554.0,2870.81
1657,0.41339770669885334,1548.0,2859.73
1659,0.38758288125376733,1545.0,2854.19
1649,0.37659187386294724,1545.0,2854.19
1658,0.37273823884197826,1542.0,2848.65
1656,0.3641304347826087,1542.0,2848.65
1651,0.3634161114476075,1542.0,2848.65
1656,0.37681159420289856,1542.0,2848.65
1641,0.4040219378427788,1542.0,2848.65
1642,0.39585870889159563,1542.0,2848.65
1641,0.39975624619134675,1542.0,2848.65
1640,0.38414634146341464,1542.0,2848.65
1642,0.39037758830694275,1542.0,2848.65
1646,0.4307411907654921,1542.0,2848.65
1639,0.3984136668700427,1542.0,2848.65
1639,0.39353264185478953,1542.0,2848.65
1655,0.36978851963746223,1557.0,2876.35
1656,0.4003623188405797,1557.0,2876.35
1639,0.3941427699816962,1540.0,2844.96
1645,0.37264437689969604,1542.0,2848.65
1693,0.3992911990549321,1557.0,2876.35
1654,0.40024183796856105,1557.0,2876.35
1688,0.3684834123222749,1557.0,2876.35
1656,0.3858695652173913,1557.0,2876.35
1642,0.38367844092570036,1546.0,2856.04
1666,0.3697478991596639,1557.0,2876.35
1639,0.3971934106162294,1542.0,2848.65
1669,0.3792690233672858,1557.0,2876.35
1686,0.37722419928825623,1557.0,2876.35
1671,0.37881508078994613,1557.0,2876.35
1655,0.3903323262839879,1554.0,2870.81
1641,0.40950639853747717,1536.0,2837.57
1674,0.4074074074074074,1569.0,2898.51
1667,0.40671865626874626,1569.0,2898.51
1639,0.40878584502745574,1539.0,2843.11
1665,0.4228228228228228,1569.0,2898.51
1665,0.421021021021021,1569.0,2898.51
1655,0.4096676737160121,1540.0,2844.96
1639,0.4100061012812691,1543.0,2850.5
1676,0.4224343675417661,1569.0,2898.51
1671,0.414721723518851,1542.0,2848.65
1643,0.4181375532562386,1542.0,2848.65
1671,0.4009575104727708,1569.0,2898.51
1668,0.40347721822541965,1569.0,2898.51
1650,0.38303030303030305,1545.0,2854.19
1642,0.3879415347137637,1545.0,2854.19
1636,0.44926650366748166,1542.0,2848.65
1647,0.4262295081967213,1542.0,2848.65
1635,0.43608562691131497,1540.0,2844.96
1641,0.41681901279707495,1537.0,2839.42
1635,0.42752293577981654,1542.0,2848.65
1638,0.43345543345543347,1542.0,2848.65
1635,0.43669724770642204,1542.0,2848.65
