length,gc_content,blast_score,bit_score,global_score
952,0.36764705882352944,952.0,1759.13,952.0
850,0.28352941176470586,850.0,1570.77,850.0
903,0.42414174972314506,903.0,1668.64,903.0
924,0.39935064935064934,924.0,1707.42,924.0
944,0.4110169491525424,944.0,1744.36,944.0
867,0.3517877739331027,867.0,1602.17,867.0
793,0.28247162673392184,793.0,1465.51,793.0
776,0.3788659793814433,776.0,1434.12,776.0
783,0.33077905491698595,783.0,1447.05,783.0
794,0.336272040302267,794.0,1467.36,794.0
786,0.4211195928753181,786.0,1452.59,786.0
928,0.4224137931034483,928.0,1714.81,928.0
860,0.3453488372093023,860.0,1589.24,860.0
865,0.3491329479768786,865.0,1598.47,865.0
880,0.35568181818181815,880.0,1626.17,880.0
993,0.33534743202416917,993.0,1834.84,993.0
869,0.33256616800920596,869.0,1605.86,869.0
902,0.3082039911308204,902.0,1666.8,902.0
868,0.29147465437788017,868.0,1604.01,868.0
1249,0.2898318654923939,1243.0,2296.51,1249.0
1265,0.3438735177865613,1265.0,2337.13,1265.0
842,0.3919239904988123,842.0,1556.0,842.0
855,0.4093567251461988,855.0,1580.01,855.0
854,0.4098360655737705,854.0,1578.16,854.0
853,0.4114888628370457,853.0,1576.31,853.0
853,0.3798358733880422,853.0,1576.31,853.0
854,0.3711943793911007,854.0,1578.16,854.0
844,0.3909952606635071,844.0,1559.69,844.0
854,0.43559718969555034,854.0,1578.16,854.0
866,0.3683602771362587,866.0,1600.32,866.0
847,0.36835891381345925,847.0,1565.23,847.0
845,0.39289940828402364,845.0,1561.54,845.0
844,0.3744075829383886,844.0,1559.69,844.0
860,0.3511627906976744,860.0,1589.24,860.0
995,0.3065326633165829,995.0,1838.54,995.0
860,0.34418604651162793,860.0,1589.24,860.0
879,0.3242320819112628,879.0,1624.33,879.0
939,0.32055378061767836,939.0,1735.12,939.0
700,0.21857142857142858,700.0,1293.78,700.0
710,0.23661971830985915,710.0,1312.24,710.0
679,0.22827687776141384,679.0,1255.0,679.0
644,0.2251552795031056,644.0,1190.36,644.0
747,0.33467202141900937,747.0,1380.57,747.0
711,0.27285513361462727,711.0,1314.09,711.0
712,0.34129213483146065,712.0,1315.93,712.0
1003,0.24825523429710866,1003.0,1853.31,1003.0
1002,0.24750499001996007,1002.0,1851.46,1002.0
917,0.24318429661941113,917.0,1694.5,917.0
910,0.27472527472527475,910.0,1681.57,910.0
911,0.2711306256860593,911.0,1683.42,911.0
986,0.2363083164300203,986.0,1821.92,986.0
977,0.2937563971340839,977.0,1805.3,977.0
897,0.23745819397993312,897.0,1657.57,897.0
892,0.2320627802690583,892.0,1648.33,892.0
983,0.20040691759918616,983.0,1816.38,983.0
932,0.21995708154506438,932.0,1722.2,932.0
924,0.24675324675324675,924.0,1707.42,924.0
914,0.23851203501094093,914.0,1688.96,914.0
844,0.21208530805687204,844.0,1559.69,844.0
870,0.2160919540229885,870.0,1607.71,870.0
915,0.2,915.0,1690.8,915.0
864,0.21412037037037038,864.0,1596.63,864.0
959,0.20333680917622524,959.0,1772.06,959.0
963,0.2066458982346833,963.0,1779.44,963.0
951,0.20715036803364878,951.0,1757.28,951.0
846,0.22695035460992907,846.0,1563.39,846.0
802,0.37032418952618457,802.0,1482.13,802.0
788,0.4035532994923858,788.0,1456.28,788.0
788,0.39086294416243655,788.0,1456.28,788.0
788,0.38451776649746194,788.0,1456.28,788.0
748,0.29411764705882354,748.0,1382.41,748.0
732,0.28005464480874315,732.0,1352.87,732.0
661,0.3071104387291982,661.0,1221.76,661.0
713,0.3856942496493689,713.0,1317.78,713.0
713,0.394109396914446,713.0,1317.78,713.0
783,0.33077905491698595,783.0,1447.05,783.0
706,0.29745042492917845,706.0,1304.85,706.0
747,0.29852744310575635,747.0,1380.57,747.0
752,0.30851063829787234,752.0,1389.8,752.0
751,0.28894806924101196,751.0,1387.95,751.0
756,0.32936507936507936,756.0,1397.19,756.0
763,0.30013106159895153,763.0,1410.11,763.0
763,0.2765399737876802,763.0,1410.11,763.0
641,0.28549141965678626,641.0,1184.82,641.0
590,0.2593220338983051,590.0,1090.64,590.0
823,0.3086269744835966,823.0,1520.91,823.0
646,0.3219814241486068,646.0,1194.06,646.0
725,0.3875862068965517,725.0,1339.94,725.0
808,0.25123762376237624,808.0,1493.21,808.0
796,0.2814070351758794,796.0,1471.05,796.0
847,0.2632821723730815,847.0,1565.23,847.0
790,0.24050632911392406,790.0,1459.97,790.0
792,0.27146464646464646,792.0,1463.67,792.0
895,0.3329608938547486,895.0,1653.87,895.0
800,0.30875,800.0,1478.44,800.0
870,0.2471264367816092,870.0,1607.71,870.0
832,0.265625,832.0,1537.53,832.0
768,0.22786458333333334,768.0,1419.35,768.0
790,0.3291139240506329,790.0,1459.97,790.0
687,0.2096069868995633,687.0,1269.77,687.0
782,0.15089514066496162,782.0,1445.2,782.0
788,0.15609137055837563,788.0,1456.28,788.0
895,0.3754189944134078,895.0,1653.87,895.0
903,0.47619047619047616,903.0,1668.64,903.0
885,0.3502824858757062,885.0,1635.41,885.0
901,0.4117647058823529,901.0,1664.95,901.0
889,0.42069741282339707,889.0,1642.79,889.0
820,0.42560975609756097,820.0,1515.37,820.0
846,0.3817966903073286,846.0,1563.39,846.0
660,0.20606060606060606,660.0,1219.91,660.0
658,0.31155015197568386,658.0,1216.22,658.0
910,0.46373626373626375,910.0,1681.57,910.0
901,0.4328523862375139,901.0,1664.95,901.0
896,0.4375,896.0,1655.72,896.0
899,0.45272525027808674,899.0,1661.26,899.0
902,0.45121951219512196,902.0,1666.8,902.0
954,0.3972746331236897,954.0,1762.82,954.0
955,0.41047120418848165,955.0,1764.67,955.0
956,0.4006276150627615,956.0,1766.52,956.0
954,0.42662473794549266,954.0,1762.82,954.0
960,0.42916666666666664,960.0,1773.9,960.0
951,0.43007360672975814,951.0,1757.28,951.0
954,0.42452830188679247,954.0,1762.82,954.0
953,0.4281217208814271,953.0,1760.98,953.0
952,0.4222689075630252,952.0,1759.13,952.0
956,0.4215481171548117,956.0,1766.52,956.0
955,0.42094240837696334,955.0,1764.67,955.0
955,0.418848167539267,955.0,1764.67,955.0
956,0.4225941422594142,956.0,1766.52,956.0
960,0.425,960.0,1773.9,960.0
957,0.4231974921630094,957.0,1768.36,957.0
951,0.4037854889589905,951.0,1757.28,951.0
958,0.4164926931106472,958.0,1770.21,958.0
955,0.41465968586387436,955.0,1764.67,955.0
951,0.39957939011566773,951.0,1757.28,951.0
953,0.40293809024134314,953.0,1760.98,953.0
954,0.4192872117400419,954.0,1762.82,954.0
954,0.4077568134171908,954.0,1762.82,954.0
955,0.4157068062827225,955.0,1764.67,955.0
954,0.4308176100628931,954.0,1762.82,954.0
951,0.41430073606729756,951.0,1757.28,951.0
944,0.4269067796610169,944.0,1744.36,944.0
951,0.42481598317560465,951.0,1757.28,951.0
951,0.4363827549947424,951.0,1757.28,951.0
953,0.4218258132214061,953.0,1760.98,953.0
967,0.41468459152016546,967.0,1786.83,967.0
966,0.40993788819875776,966.0,1784.98,966.0
967,0.4250258531540848,967.0,1786.83,967.0
967,0.41675284384694933,967.0,1786.83,967.0
967,0.42088934850051707,967.0,1786.83,967.0
967,0.421923474663909,967.0,1786.83,967.0
966,0.42339544513457555,966.0,1784.98,966.0
967,0.4239917269906929,967.0,1786.83,967.0
967,0.41675284384694933,967.0,1786.83,967.0
967,0.41675284384694933,967.0,1786.83,967.0
967,0.4157187176835574,967.0,1786.83,967.0
968,0.4142561983471074,968.0,1788.68,968.0
967,0.4157187176835574,967.0,1786.83,967.0
958,0.4144050104384134,958.0,1770.21,958.0
966,0.422360248447205,966.0,1784.98,966.0
961,0.3798126951092612,961.0,1775.75,961.0
961,0.38605619146722164,961.0,1775.75,961.0
961,0.38189386056191466,961.0,1775.75,961.0
959,0.3806047966631908,959.0,1772.06,959.0
962,0.3804573804573805,962.0,1777.6,962.0
962,0.38357588357588357,962.0,1777.6,962.0
960,0.38229166666666664,960.0,1773.9,960.0
947,0.3759239704329461,947.0,1749.9,947.0
972,0.38065843621399176,972.0,1796.06,972.0
965,0.40932642487046633,965.0,1783.14,965.0
962,0.42515592515592515,954.0,1762.82,962.0
961,0.42767950052029136,961.0,1775.75,961.0
961,0.4339229968782518,961.0,1775.75,961.0
955,0.437696335078534,955.0,1764.67,955.0
967,0.42605997931747674,967.0,1786.83,967.0
1001,0.4255744255744256,1001.0,1849.62,1001.0
959,0.4869655891553702,959.0,1772.06,959.0
961,0.49011446409989595,961.0,1775.75,961.0
961,0.4921956295525494,961.0,1775.75,961.0
961,0.4963579604578564,961.0,1775.75,961.0
961,0.4890738813735692,961.0,1775.75,961.0
961,0.4890738813735692,961.0,1775.75,961.0
959,0.4942648592283629,959.0,1772.06,959.0
961,0.5005202913631633,961.0,1775.75,961.0
961,0.5005202913631633,961.0,1775.75,961.0
961,0.5005202913631633,961.0,1775.75,961.0
955,0.4743455497382199,955.0,1764.67,955.0
971,0.4799176107106076,971.0,1794.22,971.0
959,0.4744525547445255,959.0,1772.06,959.0
962,0.47297297297297297,962.0,1777.6,962.0
956,0.45502092050209203,956.0,1766.52,956.0
953,0.48898216159496327,953.0,1760.98,953.0
953,0.49422875131164745,953.0,1760.98,953.0
955,0.4963350785340314,955.0,1764.67,955.0
952,0.5084033613445378,952.0,1759.13,952.0
949,0.49209694415173866,949.0,1753.59,949.0
948,0.4978902953586498,948.0,1751.74,948.0
948,0.5031645569620253,948.0,1751.74,948.0
953,0.5089192025183631,953.0,1760.98,953.0
950,0.4863157894736842,950.0,1755.44,950.0
952,0.49264705882352944,952.0,1759.13,952.0
949,0.49631190727081137,949.0,1753.59,949.0
960,0.5072916666666667,960.0,1773.9,960.0
952,0.5052521008403361,952.0,1759.13,952.0
952,0.5073529411764706,952.0,1759.13,952.0
952,0.5063025210084033,952.0,1759.13,952.0
957,0.4994775339602926,957.0,1768.36,957.0
954,0.5052410901467506,954.0,1762.82,954.0
954,0.5083857442348009,954.0,1762.82,954.0
958,0.511482254697286,958.0,1770.21,958.0
955,0.5078534031413613,955.0,1764.67,955.0
947,0.5121436114044351,947.0,1749.9,947.0
947,0.5131995776135164,947.0,1749.9,947.0
951,0.5078864353312302,951.0,1757.28,951.0
956,0.5062761506276151,956.0,1766.52,956.0
955,0.5089005235602094,955.0,1764.67,955.0
957,0.4890282131661442,957.0,1768.36,957.0
951,0.48370136698212407,951.0,1757.28,951.0
953,0.4879328436516264,953.0,1760.98,953.0
961,0.4921956295525494,961.0,1775.75,961.0
988,0.5030364372469636,988.0,1825.61,988.0
957,0.4942528735632184,957.0,1768.36,957.0
957,0.4890282131661442,957.0,1768.36,957.0
957,0.48798328108672934,957.0,1768.36,957.0
957,0.49216300940438873,957.0,1768.36,957.0
957,0.49007314524555906,957.0,1768.36,957.0
957,0.49111807732497387,957.0,1768.36,957.0
957,0.49111807732497387,957.0,1768.36,957.0
957,0.49111807732497387,957.0,1768.36,957.0
957,0.48693834900731453,957.0,1768.36,957.0
958,0.48747390396659707,958.0,1770.21,958.0
958,0.49164926931106473,958.0,1770.21,958.0
957,0.5036572622779519,957.0,1768.36,957.0
958,0.49478079331941544,958.0,1770.21,958.0
956,0.5031380753138075,956.0,1766.52,956.0
957,0.4890282131661442,957.0,1768.36,957.0
955,0.49842931937172774,955.0,1764.67,955.0
957,0.5015673981191222,957.0,1768.36,957.0
958,0.5020876826722338,958.0,1770.21,958.0
958,0.5041753653444676,958.0,1770.21,958.0
959,0.5005213764337852,959.0,1772.06,959.0
958,0.5073068893528184,958.0,1770.21,958.0
959,0.502606882168926,959.0,1772.06,959.0
958,0.5041753653444676,958.0,1770.21,958.0
956,0.5094142259414226,956.0,1766.52,956.0
957,0.5015673981191222,957.0,1768.36,957.0
958,0.49164926931106473,958.0,1770.21,958.0
958,0.49373695198329853,958.0,1770.21,958.0
958,0.4968684759916493,958.0,1770.21,958.0
955,0.5047120418848168,955.0,1764.67,955.0
958,0.4989561586638831,958.0,1770.21,958.0
958,0.5031315240083507,958.0,1770.21,958.0
956,0.502092050209205,956.0,1766.52,956.0
958,0.5,958.0,1770.21,958.0
957,0.49843260188087773,957.0,1768.36,957.0
957,0.5036572622779519,957.0,1768.36,957.0
957,0.4994775339602926,957.0,1768.36,957.0
956,0.4884937238493724,956.0,1766.52,956.0
958,0.5010438413361169,958.0,1770.21,958.0
956,0.5052301255230126,956.0,1766.52,956.0
959,0.5057351407716372,959.0,1772.06,959.0
958,0.49269311064718163,958.0,1770.21,958.0
957,0.5015673981191222,957.0,1768.36,957.0
958,0.5020876826722338,958.0,1770.21,958.0
958,0.5010438413361169,958.0,1770.21,958.0
958,0.5010438413361169,958.0,1770.21,958.0
958,0.4989561586638831,958.0,1770.21,958.0
957,0.5026123301985371,957.0,1768.36,957.0
956,0.5010460251046025,956.0,1766.52,956.0
957,0.49843260188087773,957.0,1768.36,957.0
956,0.5,956.0,1766.52,956.0
952,0.4947478991596639,952.0,1759.13,952.0
957,0.49738766980146293,957.0,1768.36,957.0
951,0.501577287066246,951.0,1757.28,951.0
958,0.5,958.0,1770.21,958.0
950,0.4936842105263158,950.0,1755.44,950.0
950,0.49157894736842106,950.0,1755.44,950.0
950,0.4926315789473684,950.0,1755.44,950.0
950,0.4926315789473684,950.0,1755.44,950.0
950,0.49894736842105264,950.0,1755.44,950.0
950,0.4957894736842105,950.0,1755.44,950.0
950,0.49157894736842106,950.0,1755.44,950.0
950,0.4978947368421053,950.0,1755.44,950.0
950,0.4957894736842105,950.0,1755.44,950.0
950,0.49473684210526314,950.0,1755.44,950.0
950,0.48947368421052634,950.0,1755.44,950.0
950,0.4831578947368421,950.0,1755.44,950.0
950,0.48526315789473684,950.0,1755.44,950.0
951,0.4921135646687697,951.0,1757.28,951.0
950,0.4978947368421053,950.0,1755.44,950.0
951,0.5047318611987381,951.0,1757.28,951.0
954,0.469601677148847,954.0,1762.82,954.0
947,0.470960929250264,947.0,1749.9,947.0
950,0.4694736842105263,950.0,1755.44,950.0
946,0.44714587737843553,946.0,1748.05,946.0
958,0.46659707724425886,958.0,1770.21,958.0
956,0.47384937238493724,956.0,1766.52,956.0
952,0.4642857142857143,952.0,1759.13,952.0
956,0.48326359832635984,956.0,1766.52,956.0
947,0.457233368532207,947.0,1749.9,947.0
952,0.47689075630252103,952.0,1759.13,952.0
953,0.4805876180482686,953.0,1760.98,953.0
950,0.47789473684210526,950.0,1755.44,950.0
951,0.45425867507886436,951.0,1757.28,951.0
952,0.47584033613445376,952.0,1759.13,952.0
958,0.49269311064718163,958.0,1770.21,958.0
964,0.4699170124481328,964.0,1781.29,964.0
958,0.4780793319415449,958.0,1770.21,958.0
515,0.47766990291262135,515.0,952.145,515.0
961,0.46930280957336107,961.0,1775.75,961.0
956,0.4780334728033473,956.0,1766.52,956.0
966,0.4658385093167702,966.0,1784.98,966.0
953,0.49527806925498424,953.0,1760.98,953.0
953,0.49213011542497376,953.0,1760.98,953.0
951,0.49947423764458465,951.0,1757.28,951.0
960,0.4791666666666667,960.0,1773.9,960.0
958,0.4822546972860125,958.0,1770.21,958.0
960,0.47604166666666664,960.0,1773.9,960.0
947,0.48468848996832103,947.0,1749.9,947.0
954,0.4863731656184486,954.0,1762.82,954.0
950,0.4884210526315789,950.0,1755.44,950.0
947,0.5036958817317846,947.0,1749.9,947.0
947,0.5026399155227033,947.0,1749.9,947.0
947,0.5026399155227033,947.0,1749.9,947.0
946,0.5010570824524313,946.0,1748.05,946.0
947,0.5026399155227033,947.0,1749.9,947.0
947,0.5036958817317846,947.0,1749.9,947.0
946,0.5031712473572939,946.0,1748.05,946.0
944,0.5021186440677966,944.0,1744.36,944.0
947,0.498416050686378,947.0,1749.9,947.0
946,0.49682875264270615,946.0,1748.05,946.0
947,0.5026399155227033,947.0,1749.9,947.0
947,0.5026399155227033,947.0,1749.9,947.0
948,0.5031645569620253,948.0,1751.74,948.0
943,0.4591728525980912,943.0,1742.51,943.0
943,0.4411452810180276,943.0,1742.51,943.0
941,0.46971307120085015,941.0,1738.82,941.0
945,0.5005291005291005,945.0,1746.2,945.0
945,0.4984126984126984,945.0,1746.2,945.0
945,0.4984126984126984,945.0,1746.2,945.0
949,0.5026343519494204,949.0,1753.59,949.0
957,0.49634273772204807,957.0,1768.36,957.0
953,0.4826862539349423,953.0,1760.98,953.0
951,0.5131440588853838,951.0,1757.28,951.0
953,0.5288562434417629,953.0,1760.98,953.0
953,0.5110178384050367,953.0,1760.98,953.0
879,0.5130830489192264,879.0,1624.33,879.0
959,0.49635036496350365,959.0,1772.06,959.0
943,0.49204665959703076,943.0,1742.51,943.0
950,0.4926315789473684,950.0,1755.44,950.0
952,0.45903361344537813,952.0,1759.13,952.0
952,0.4569327731092437,952.0,1759.13,952.0
950,0.4568421052631579,950.0,1755.44,950.0
952,0.46113445378151263,952.0,1759.13,952.0
946,0.4725158562367865,946.0,1748.05,946.0
944,0.4671610169491525,944.0,1744.36,944.0
942,0.4883227176220807,942.0,1740.66,942.0
945,0.4846560846560847,945.0,1746.2,945.0
943,0.4878048780487805,943.0,1742.51,943.0
952,0.49054621848739494,952.0,1759.13,952.0
952,0.47689075630252103,952.0,1759.13,952.0
957,0.47962382445141066,957.0,1768.36,957.0
950,0.4789473684210526,950.0,1755.44,950.0
953,0.4774396642182581,953.0,1760.98,953.0
947,0.4656810982048574,947.0,1749.9,947.0
952,0.453781512605042,952.0,1759.13,952.0
947,0.47940865892291445,947.0,1749.9,947.0
951,0.4647739221871714,951.0,1757.28,951.0
937,0.4119530416221985,937.0,1731.43,937.0
938,0.40618336886993606,938.0,1733.28,938.0
938,0.4147121535181237,938.0,1733.28,938.0
940,0.45851063829787236,940.0,1736.97,940.0
934,0.45717344753747324,934.0,1725.89,934.0
948,0.5073839662447257,948.0,1751.74,948.0
964,0.5031120331950207,964.0,1781.29,964.0
948,0.5010548523206751,948.0,1751.74,948.0
957,0.49007314524555906,957.0,1768.36,957.0
949,0.4931506849315068,949.0,1753.59,949.0
955,0.4900523560209424,955.0,1764.67,955.0
949,0.4868282402528978,949.0,1753.59,949.0
949,0.4868282402528978,949.0,1753.59,949.0
958,0.48538622129436326,958.0,1770.21,958.0
946,0.4682875264270613,946.0,1748.05,946.0
945,0.47619047619047616,945.0,1746.2,945.0
946,0.46511627906976744,946.0,1748.05,946.0
945,0.473015873015873,945.0,1746.2,945.0
946,0.4408033826638478,946.0,1748.05,946.0
952,0.47794117647058826,952.0,1759.13,952.0
951,0.4931650893796004,951.0,1757.28,951.0
955,0.4743455497382199,955.0,1764.67,955.0
948,0.4936708860759494,948.0,1751.74,948.0
950,0.4884210526315789,950.0,1755.44,950.0
950,0.4726315789473684,950.0,1755.44,950.0
952,0.49159663865546216,952.0,1759.13,952.0
953,0.49213011542497376,953.0,1760.98,953.0
965,0.49844559585492226,965.0,1783.14,965.0
947,0.48680042238648363,947.0,1749.9,947.0
947,0.48891235480464623,947.0,1749.9,947.0
954,0.48532494758909855,954.0,1762.82,954.0
948,0.4757383966244726,948.0,1751.74,948.0
949,0.4815595363540569,949.0,1753.59,949.0
949,0.48366701791359323,949.0,1753.59,949.0
949,0.48366701791359323,949.0,1753.59,949.0
950,0.45789473684210524,950.0,1755.44,950.0
950,0.45789473684210524,950.0,1755.44,950.0
949,0.4857744994731296,949.0,1753.59,949.0
947,0.4815205913410771,947.0,1749.9,947.0
949,0.48472075869336145,949.0,1753.59,949.0
951,0.48264984227129337,951.0,1757.28,951.0
951,0.48264984227129337,951.0,1757.28,951.0
951,0.48580441640378547,951.0,1757.28,951.0
949,0.4815595363540569,949.0,1753.59,949.0
949,0.48472075869336145,949.0,1753.59,949.0
949,0.48366701791359323,949.0,1753.59,949.0
949,0.48893572181243417,949.0,1753.59,949.0
949,0.4815595363540569,949.0,1753.59,949.0
949,0.48472075869336145,949.0,1753.59,949.0
945,0.47513227513227513,945.0,1746.2,945.0
939,0.443024494142705,939.0,1735.12,939.0
945,0.43492063492063493,945.0,1746.2,945.0
947,0.4424498416050686,947.0,1749.9,947.0
947,0.4836325237592397,947.0,1749.9,947.0
951,0.48264984227129337,951.0,1757.28,951.0
951,0.47423764458464773,951.0,1757.28,951.0
950,0.4926315789473684,950.0,1755.44,950.0
944,0.4925847457627119,944.0,1744.36,944.0
945,0.5005291005291005,945.0,1746.2,945.0
950,0.48105263157894734,950.0,1755.44,950.0
944,0.475635593220339,944.0,1744.36,944.0
945,0.4656084656084656,945.0,1746.2,945.0
945,0.4634920634920635,945.0,1746.2,945.0
945,0.47195767195767196,945.0,1746.2,945.0
944,0.4692796610169492,944.0,1744.36,944.0
943,0.4676564156945917,943.0,1742.51,943.0
943,0.39766702014846234,943.0,1742.51,943.0
945,0.4740740740740741,945.0,1746.2,945.0
947,0.426610348468849,947.0,1749.9,947.0
954,0.44234800838574423,954.0,1762.82,954.0
948,0.4440928270042194,948.0,1751.74,948.0
948,0.4282700421940928,948.0,1751.74,948.0
943,0.4443266171792153,943.0,1742.51,943.0
948,0.4767932489451477,948.0,1751.74,948.0
945,0.49206349206349204,945.0,1746.2,945.0
945,0.48994708994708996,945.0,1746.2,945.0
945,0.49417989417989416,945.0,1746.2,945.0
945,0.491005291005291,945.0,1746.2,945.0
945,0.49417989417989416,945.0,1746.2,945.0
947,0.46884899683210135,947.0,1749.9,947.0
948,0.47890295358649787,948.0,1751.74,948.0
955,0.5036649214659686,955.0,1764.67,955.0
946,0.49577167019027485,946.0,1748.05,946.0
947,0.47940865892291445,947.0,1749.9,947.0
949,0.4868282402528978,949.0,1753.59,949.0
949,0.4868282402528978,949.0,1753.59,949.0
958,0.49582463465553234,958.0,1770.21,958.0
955,0.4963350785340314,955.0,1764.67,955.0
956,0.48326359832635984,956.0,1766.52,956.0
956,0.48640167364016734,956.0,1766.52,956.0
953,0.4795383001049318,953.0,1760.98,953.0
947,0.47624076029567053,947.0,1749.9,947.0
945,0.4793650793650794,945.0,1746.2,945.0
954,0.4779874213836478,954.0,1762.82,954.0
955,0.4722513089005236,955.0,1764.67,955.0
948,0.4767932489451477,948.0,1751.74,948.0
949,0.4794520547945205,949.0,1753.59,949.0
950,0.47789473684210526,950.0,1755.44,950.0
951,0.47634069400630913,951.0,1757.28,951.0
950,0.4652631578947368,950.0,1755.44,950.0
950,0.4663157894736842,950.0,1755.44,950.0
946,0.4799154334038055,946.0,1748.05,946.0
948,0.47890295358649787,948.0,1751.74,948.0
950,0.46421052631578946,950.0,1755.44,950.0
950,0.5031578947368421,950.0,1755.44,950.0
950,0.49894736842105264,950.0,1755.44,950.0
951,0.48370136698212407,951.0,1757.28,951.0
952,0.47478991596638653,952.0,1759.13,952.0
948,0.47151898734177217,948.0,1751.74,948.0
950,0.47789473684210526,950.0,1755.44,950.0
951,0.4815983175604627,951.0,1757.28,951.0
947,0.47729672650475186,947.0,1749.9,947.0
951,0.48580441640378547,951.0,1757.28,951.0
955,0.48900523560209425,955.0,1764.67,955.0
995,0.4763819095477387,995.0,1838.54,995.0
994,0.4859154929577465,994.0,1836.69,994.0
997,0.49047141424272817,997.0,1842.23,997.0
955,0.48586387434554973,955.0,1764.67,955.0
955,0.4816753926701571,955.0,1764.67,955.0
951,0.49737118822292326,951.0,1757.28,951.0
954,0.480083857442348,954.0,1762.82,954.0
952,0.4810924369747899,952.0,1759.13,952.0
952,0.48634453781512604,952.0,1759.13,952.0
955,0.48900523560209425,955.0,1764.67,955.0
954,0.4769392033542977,954.0,1762.82,954.0
946,0.4809725158562368,946.0,1748.05,946.0
953,0.47429171038824763,953.0,1760.98,953.0
956,0.5,956.0,1766.52,956.0
959,0.5203336809176226,959.0,1772.06,959.0
949,0.47523709167544786,949.0,1753.59,949.0
949,0.4678609062170706,949.0,1753.59,949.0
947,0.48785638859556496,947.0,1749.9,947.0
946,0.48308668076109934,946.0,1748.05,946.0
946,0.4820295983086681,946.0,1748.05,946.0
946,0.4714587737843552,946.0,1748.05,946.0
948,0.47468354430379744,948.0,1751.74,948.0
948,0.47468354430379744,948.0,1751.74,948.0
947,0.4836325237592397,947.0,1749.9,947.0
948,0.47890295358649787,948.0,1751.74,948.0
947,0.4730728616684266,947.0,1749.9,947.0
948,0.47890295358649787,948.0,1751.74,948.0
950,0.4768421052631579,950.0,1755.44,950.0
949,0.47102212855637515,949.0,1753.59,949.0
947,0.4699049630411827,947.0,1749.9,947.0
948,0.47468354430379744,936.0,1729.58,948.0
947,0.47412882787750793,947.0,1749.9,947.0
948,0.4694092827004219,948.0,1751.74,948.0
947,0.46673706441393875,947.0,1749.9,947.0
947,0.4699049630411827,947.0,1749.9,947.0
946,0.48308668076109934,946.0,1748.05,946.0
954,0.48427672955974843,954.0,1762.82,954.0
953,0.4732423924449108,953.0,1760.98,953.0
953,0.4627492130115425,953.0,1760.98,953.0
953,0.4795383001049318,953.0,1760.98,953.0
955,0.49109947643979057,955.0,1764.67,955.0
948,0.46835443037974683,948.0,1751.74,948.0
945,0.49206349206349204,945.0,1746.2,945.0
945,0.49523809523809526,945.0,1746.2,945.0
945,0.48677248677248675,945.0,1746.2,945.0
945,0.49523809523809526,945.0,1746.2,945.0
947,0.4910242872228089,947.0,1749.9,947.0
944,0.4915254237288136,944.0,1744.36,944.0
946,0.49365750528541225,946.0,1748.05,946.0
944,0.4872881355932203,944.0,1744.36,944.0
945,0.491005291005291,945.0,1746.2,945.0
944,0.4819915254237288,944.0,1744.36,944.0
946,0.4915433403805497,946.0,1748.05,946.0
945,0.48677248677248675,945.0,1746.2,945.0
944,0.4925847457627119,944.0,1744.36,944.0
950,0.4789473684210526,950.0,1755.44,950.0
962,0.4573804573804574,962.0,1777.6,962.0
947,0.4751847940865892,947.0,1749.9,947.0
947,0.47412882787750793,947.0,1749.9,947.0
947,0.47412882787750793,947.0,1749.9,947.0
947,0.470960929250264,947.0,1749.9,947.0
947,0.4730728616684266,947.0,1749.9,947.0
946,0.4704016913319239,946.0,1748.05,946.0
947,0.48468848996832103,947.0,1749.9,947.0
948,0.4694092827004219,948.0,1751.74,948.0
948,0.4767932489451477,948.0,1751.74,948.0
948,0.4651898734177215,948.0,1751.74,948.0
948,0.46835443037974683,948.0,1751.74,948.0
947,0.4656810982048574,947.0,1749.9,947.0
945,0.4708994708994709,945.0,1746.2,945.0
945,0.46984126984126984,945.0,1746.2,945.0
948,0.47257383966244726,948.0,1751.74,948.0
945,0.46984126984126984,945.0,1746.2,945.0
946,0.4989429175475687,946.0,1748.05,946.0
948,0.5,948.0,1751.74,948.0
943,0.4899257688229056,943.0,1742.51,943.0
943,0.5047720042417816,943.0,1742.51,943.0
946,0.5,946.0,1748.05,946.0
946,0.5010570824524313,946.0,1748.05,946.0
943,0.5026511134676565,943.0,1742.51,943.0
946,0.4989429175475687,946.0,1748.05,946.0
946,0.5021141649048626,946.0,1748.05,946.0
946,0.5021141649048626,946.0,1748.05,946.0
946,0.5010570824524313,946.0,1748.05,946.0
946,0.5021141649048626,946.0,1748.05,946.0
946,0.5021141649048626,946.0,1748.05,946.0
947,0.49947201689545934,947.0,1749.9,947.0
946,0.5,946.0,1748.05,946.0
946,0.5031712473572939,946.0,1748.05,946.0
946,0.5021141649048626,946.0,1748.05,946.0
946,0.4989429175475687,946.0,1748.05,946.0
946,0.5,946.0,1748.05,946.0
943,0.503711558854719,943.0,1742.51,943.0
946,0.5010570824524313,946.0,1748.05,946.0
946,0.4989429175475687,946.0,1748.05,946.0
947,0.49736008447729674,947.0,1749.9,947.0
947,0.49947201689545934,947.0,1749.9,947.0
943,0.503711558854719,943.0,1742.51,943.0
946,0.5021141649048626,946.0,1748.05,946.0
946,0.5031712473572939,946.0,1748.05,946.0
946,0.5052854122621564,946.0,1748.05,946.0
946,0.49365750528541225,946.0,1748.05,946.0
946,0.5031712473572939,946.0,1748.05,946.0
946,0.5021141649048626,946.0,1748.05,946.0
946,0.5010570824524313,946.0,1748.05,946.0
946,0.5021141649048626,946.0,1748.05,946.0
946,0.5010570824524313,946.0,1748.05,946.0
947,0.49947201689545934,947.0,1749.9,947.0
943,0.5026511134676565,943.0,1742.51,943.0
946,0.5010570824524313,946.0,1748.05,946.0
943,0.5026511134676565,943.0,1742.51,943.0
943,0.5015906680805938,943.0,1742.51,943.0
946,0.5010570824524313,946.0,1748.05,946.0
946,0.5010570824524313,946.0,1748.05,946.0
946,0.5052854122621564,946.0,1748.05,946.0
943,0.503711558854719,943.0,1742.51,943.0
946,0.4989429175475687,946.0,1748.05,946.0
946,0.5,946.0,1748.05,946.0
946,0.5,946.0,1748.05,946.0
953,0.4323189926547744,953.0,1760.98,953.0
945,0.48253968253968255,945.0,1746.2,945.0
947,0.4815205913410771,947.0,1749.9,947.0
947,0.4804646251319958,947.0,1749.9,947.0
950,0.4926315789473684,950.0,1755.44,950.0
949,0.49420442571127504,949.0,1753.59,949.0
945,0.49947089947089945,945.0,1746.2,945.0
948,0.4831223628691983,948.0,1751.74,948.0
949,0.4857744994731296,949.0,1753.59,949.0
948,0.48628691983122363,948.0,1751.74,948.0
948,0.4820675105485232,948.0,1751.74,948.0
948,0.4757383966244726,948.0,1751.74,948.0
946,0.47568710359408034,946.0,1748.05,946.0
947,0.48891235480464623,947.0,1749.9,947.0
944,0.4830508474576271,944.0,1744.36,944.0
945,0.4857142857142857,945.0,1746.2,945.0
945,0.48148148148148145,945.0,1746.2,945.0
947,0.4836325237592397,947.0,1749.9,947.0
947,0.4836325237592397,947.0,1749.9,947.0
947,0.48468848996832103,947.0,1749.9,947.0
947,0.4783526927138332,947.0,1749.9,947.0
949,0.47418335089567965,949.0,1753.59,949.0
944,0.475635593220339,944.0,1744.36,944.0
945,0.4793650793650794,945.0,1746.2,945.0
945,0.47513227513227513,945.0,1746.2,945.0
945,0.47724867724867726,945.0,1746.2,945.0
946,0.4904862579281184,946.0,1748.05,946.0
946,0.4894291754756871,946.0,1748.05,946.0
946,0.4904862579281184,946.0,1748.05,946.0
945,0.48148148148148145,945.0,1746.2,945.0
911,0.407244785949506,911.0,1683.42,911.0
937,0.39807897545357523,937.0,1731.43,937.0
933,0.46730975348338694,933.0,1724.04,933.0
933,0.44265809217577706,933.0,1724.04,933.0
819,0.4542124542124542,819.0,1513.53,819.0
932,0.43991416309012876,932.0,1722.2,932.0
934,0.44325481798715205,934.0,1725.89,934.0
932,0.44313304721030045,932.0,1722.2,932.0
932,0.4517167381974249,932.0,1722.2,932.0
935,0.4663101604278075,935.0,1727.74,935.0
932,0.44313304721030045,932.0,1722.2,932.0
926,0.4319654427645788,926.0,1711.12,926.0
935,0.47058823529411764,935.0,1727.74,935.0
931,0.4607948442534909,931.0,1720.35,931.0
930,0.4612903225806452,930.0,1718.5,930.0
929,0.4520990312163617,929.0,1716.66,929.0
931,0.46294307196562834,931.0,1720.35,931.0
934,0.42933618843683086,934.0,1725.89,934.0
952,0.46638655462184875,952.0,1759.13,952.0
961,0.4578563995837669,961.0,1775.75,961.0
1534,0.43285528031290743,1534.0,2833.88,1534.0
931,0.41568206229860366,931.0,1720.35,931.0
921,0.4223669923995657,921.0,1701.88,921.0
930,0.4,930.0,1718.5,930.0
963,0.43302180685358255,963.0,1779.44,963.0
952,0.4369747899159664,952.0,1759.13,952.0
948,0.410337552742616,948.0,1751.74,948.0
962,0.40124740124740127,962.0,1777.6,962.0
955,0.3958115183246073,955.0,1764.67,955.0
956,0.4089958158995816,956.0,1766.52,956.0
961,0.42455775234131116,961.0,1775.75,961.0
955,0.4073298429319372,955.0,1764.67,955.0
959,0.4181438998957247,959.0,1772.06,959.0
960,0.4166666666666667,960.0,1773.9,960.0
953,0.41133263378803775,953.0,1760.98,953.0
944,0.413135593220339,944.0,1744.36,944.0
911,0.4039517014270033,911.0,1683.42,911.0
776,0.452319587628866,776.0,1434.12,776.0
927,0.43149946062567424,927.0,1712.96,927.0
925,0.43243243243243246,925.0,1709.27,925.0
932,0.4313304721030043,932.0,1722.2,932.0
968,0.40392561983471076,968.0,1788.68,968.0
968,0.41012396694214875,968.0,1788.68,968.0
962,0.4022869022869023,962.0,1777.6,962.0
969,0.41589267285861714,969.0,1790.52,969.0
968,0.41632231404958675,968.0,1788.68,968.0
968,0.41735537190082644,968.0,1788.68,968.0
968,0.4214876033057851,968.0,1788.68,968.0
959,0.3920750782064651,959.0,1772.06,959.0
980,0.41122448979591836,980.0,1810.84,980.0
968,0.4080578512396694,968.0,1788.68,968.0
967,0.4105480868665977,967.0,1786.83,967.0
969,0.40970072239422084,969.0,1790.52,969.0
966,0.41200828157349895,966.0,1784.98,966.0
973,0.41007194244604317,973.0,1797.91,973.0
973,0.41109969167523125,973.0,1797.91,973.0
970,0.42577319587628865,970.0,1792.37,970.0
973,0.42034943473792397,973.0,1797.91,973.0
971,0.4140061791967044,971.0,1794.22,971.0
976,0.4805327868852459,976.0,1803.45,976.0
984,0.4766260162601626,984.0,1818.22,984.0
966,0.4575569358178054,966.0,1784.98,966.0
964,0.4491701244813278,964.0,1781.29,964.0
979,0.4780388151174668,979.0,1808.99,979.0
988,0.4767206477732793,988.0,1825.61,988.0
969,0.4602683178534572,969.0,1790.52,969.0
967,0.45708376421923474,967.0,1786.83,967.0
966,0.4906832298136646,966.0,1784.98,966.0
966,0.474120082815735,966.0,1784.98,966.0
976,0.4713114754098361,976.0,1803.45,976.0
974,0.45585215605749485,974.0,1799.76,974.0
978,0.47648261758691207,978.0,1807.14,978.0
989,0.48533872598584427,989.0,1827.46,989.0
993,0.49244712990936557,993.0,1834.84,993.0
984,0.4928861788617886,984.0,1818.22,984.0
984,0.4969512195121951,984.0,1818.22,984.0
991,0.47628657921291623,991.0,1831.15,991.0
991,0.4843592330978809,991.0,1831.15,991.0
970,0.48041237113402063,970.0,1792.37,970.0
972,0.4886831275720165,972.0,1796.06,972.0
971,0.4799176107106076,971.0,1794.22,971.0
973,0.47584789311408016,973.0,1797.91,973.0
979,0.4698672114402451,979.0,1808.99,979.0
981,0.5035677879714577,981.0,1812.68,981.0
975,0.4543589743589744,975.0,1801.6,975.0
1008,0.47619047619047616,1008.0,1862.54,1008.0
970,0.47525773195876286,970.0,1792.37,970.0
969,0.4695562435500516,969.0,1790.52,969.0
978,0.4621676891615542,978.0,1807.14,978.0
969,0.45923632610939114,969.0,1790.52,969.0
972,0.45267489711934156,972.0,1796.06,972.0
969,0.4551083591331269,969.0,1790.52,969.0
974,0.473305954825462,974.0,1799.76,974.0
972,0.48148148148148145,972.0,1796.06,972.0
967,0.46639089968976216,967.0,1786.83,967.0
967,0.4756980351602896,967.0,1786.83,967.0
967,0.4808686659772492,967.0,1786.83,967.0
967,0.4705274043433299,967.0,1786.83,967.0
967,0.4643226473629783,967.0,1786.83,967.0
968,0.49173553719008267,968.0,1788.68,968.0
977,0.4872057318321392,977.0,1805.3,977.0
978,0.48568507157464214,978.0,1807.14,978.0
983,0.49949135300101727,983.0,1816.38,983.0
983,0.49949135300101727,983.0,1816.38,983.0
968,0.48037190082644626,968.0,1788.68,968.0
983,0.46897253306205494,983.0,1816.38,983.0
973,0.46557040082219936,973.0,1797.91,973.0
974,0.4887063655030801,974.0,1799.76,974.0
973,0.4830421377183967,973.0,1797.91,973.0
970,0.4731958762886598,970.0,1792.37,970.0
972,0.4876543209876543,972.0,1796.06,972.0
961,0.4672216441207076,961.0,1775.75,961.0
981,0.5076452599388379,981.0,1812.68,981.0
970,0.47525773195876286,970.0,1792.37,970.0
972,0.4660493827160494,972.0,1796.06,972.0
971,0.46138002059732236,971.0,1794.22,971.0
974,0.4650924024640657,974.0,1799.76,974.0
974,0.4620123203285421,974.0,1799.76,974.0
974,0.44969199178644764,974.0,1799.76,974.0
969,0.4757481940144479,969.0,1790.52,969.0
974,0.48459958932238195,974.0,1799.76,974.0
966,0.4968944099378882,966.0,1784.98,966.0
979,0.48416751787538304,979.0,1808.99,979.0
976,0.48668032786885246,976.0,1803.45,976.0
979,0.4933605720122574,979.0,1808.99,979.0
974,0.5195071868583162,974.0,1799.76,974.0
974,0.5102669404517454,974.0,1799.76,974.0
983,0.5198372329603256,983.0,1816.38,983.0
975,0.47897435897435897,975.0,1801.6,975.0
978,0.47648261758691207,978.0,1807.14,978.0
969,0.5025799793601651,969.0,1790.52,969.0
965,0.47668393782383417,965.0,1783.14,965.0
968,0.5020661157024794,968.0,1788.68,968.0
971,0.4963954685890834,971.0,1794.22,971.0
963,0.5015576323987538,963.0,1779.44,963.0
973,0.4840698869475848,973.0,1797.91,973.0
972,0.4773662551440329,972.0,1796.06,972.0
972,0.4835390946502058,972.0,1796.06,972.0
972,0.47016460905349794,972.0,1796.06,972.0
972,0.5061728395061729,972.0,1796.06,972.0
980,0.5244897959183673,980.0,1810.84,980.0
990,0.509090909090909,990.0,1829.3,990.0
988,0.5192307692307693,988.0,1825.61,988.0
976,0.5256147540983607,976.0,1803.45,976.0
975,0.5138461538461538,975.0,1801.6,975.0
968,0.506198347107438,968.0,1788.68,968.0
953,0.5005246589716684,953.0,1760.98,953.0
969,0.5077399380804953,969.0,1790.52,969.0
973,0.49743062692702983,973.0,1797.91,973.0
970,0.5061855670103093,970.0,1792.37,970.0
972,0.48662551440329216,972.0,1796.06,972.0
977,0.5076765609007164,977.0,1805.3,977.0
979,0.4780388151174668,979.0,1808.99,979.0
971,0.49536560247167866,971.0,1794.22,971.0
972,0.4897119341563786,972.0,1796.06,972.0
981,0.48827726809378186,959.0,1772.06,981.0
981,0.49031600407747195,953.0,1760.98,981.0
968,0.4834710743801653,968.0,1788.68,968.0
981,0.49949031600407745,957.0,1768.36,981.0
965,0.48808290155440415,965.0,1783.14,965.0
972,0.5061728395061729,972.0,1796.06,972.0
971,0.5108135942327497,971.0,1794.22,971.0
968,0.5051652892561983,968.0,1788.68,968.0
969,0.48297213622291024,969.0,1790.52,969.0
973,0.5046248715313464,973.0,1797.91,973.0
971,0.49742533470648814,971.0,1794.22,971.0
977,0.4923234390992835,977.0,1805.3,977.0
977,0.4953940634595701,977.0,1805.3,977.0
977,0.48925281473899696,977.0,1805.3,977.0
980,0.5020408163265306,980.0,1810.84,980.0
976,0.4651639344262295,976.0,1803.45,976.0
974,0.45585215605749485,974.0,1799.76,974.0
978,0.4621676891615542,978.0,1807.14,978.0
984,0.4603658536585366,984.0,1818.22,984.0
979,0.4770173646578141,979.0,1808.99,979.0
980,0.4826530612244898,980.0,1810.84,980.0
975,0.48307692307692307,975.0,1801.6,975.0
980,0.4744897959183674,980.0,1810.84,980.0
972,0.4835390946502058,972.0,1796.06,972.0
982,0.4989816700610998,982.0,1814.53,982.0
987,0.49949341438703143,987.0,1823.76,987.0
980,0.4969387755102041,980.0,1810.84,980.0
982,0.5010183299389002,982.0,1814.53,982.0
973,0.5005138746145941,973.0,1797.91,973.0
980,0.5081632653061224,980.0,1810.84,980.0
972,0.4897119341563786,972.0,1796.06,972.0
973,0.473792394655704,973.0,1797.91,973.0
972,0.48148148148148145,972.0,1796.06,972.0
972,0.48148148148148145,972.0,1796.06,972.0
973,0.4830421377183967,973.0,1797.91,973.0
976,0.48975409836065575,976.0,1803.45,976.0
982,0.48981670061099797,982.0,1814.53,982.0
983,0.4832146490335707,983.0,1816.38,983.0
977,0.4953940634595701,977.0,1805.3,977.0
977,0.49948822927328557,977.0,1805.3,977.0
982,0.48879837067209775,982.0,1814.53,982.0
980,0.49081632653061225,980.0,1810.84,980.0
984,0.49085365853658536,984.0,1818.22,984.0
974,0.48459958932238195,974.0,1799.76,974.0
977,0.481064483111566,977.0,1805.3,977.0
981,0.49031600407747195,981.0,1812.68,981.0
974,0.4928131416837782,974.0,1799.76,974.0
973,0.47584789311408016,973.0,1797.91,973.0
983,0.47914547304170907,983.0,1816.38,983.0
988,0.4898785425101215,988.0,1825.61,988.0
984,0.4888211382113821,984.0,1818.22,984.0
931,0.48872180451127817,931.0,1720.35,931.0
981,0.49745158002038736,981.0,1812.68,981.0
973,0.47687564234326824,973.0,1797.91,973.0
973,0.4779033915724563,973.0,1797.91,973.0
977,0.4841351074718526,977.0,1805.3,977.0
977,0.481064483111566,977.0,1805.3,977.0
977,0.49027635619242577,977.0,1805.3,977.0
976,0.4979508196721312,976.0,1803.45,976.0
974,0.4989733059548255,974.0,1799.76,974.0
977,0.49437052200614123,977.0,1805.3,977.0
976,0.49077868852459017,976.0,1803.45,976.0
979,0.4811031664964249,979.0,1808.99,979.0
981,0.4841997961264016,981.0,1812.68,981.0
975,0.49025641025641026,975.0,1801.6,975.0
943,0.3997879109225875,943.0,1742.51,943.0
956,0.3891213389121339,956.0,1766.52,956.0
953,0.4144805876180483,953.0,1760.98,953.0
952,0.4012605042016807,952.0,1759.13,952.0
954,0.4056603773584906,954.0,1762.82,954.0
955,0.4041884816753927,955.0,1764.67,955.0
957,0.4315569487983281,957.0,1768.36,957.0
971,0.41091658084449023,971.0,1794.22,971.0
970,0.4515463917525773,970.0,1792.37,970.0
965,0.4,965.0,1783.14,965.0
956,0.3807531380753138,956.0,1766.52,956.0
956,0.40376569037656906,956.0,1766.52,956.0
957,0.39184952978056425,957.0,1768.36,957.0
958,0.4509394572025052,958.0,1770.21,958.0
963,0.39667705088265837,963.0,1779.44,963.0
965,0.40310880829015544,965.0,1783.14,965.0
975,0.39076923076923076,975.0,1801.6,975.0
969,0.40144478844169246,969.0,1790.52,969.0
971,0.3717816683831102,971.0,1794.22,971.0
967,0.42088934850051707,967.0,1786.83,967.0
972,0.45164609053497945,972.0,1796.06,972.0
965,0.42487046632124353,965.0,1783.14,965.0
964,0.42738589211618255,964.0,1781.29,964.0
962,0.43555093555093555,962.0,1777.6,962.0
963,0.44132917964693663,963.0,1779.44,963.0
971,0.4212152420185376,971.0,1794.22,971.0
970,0.4536082474226804,970.0,1792.37,970.0
971,0.4294541709577755,971.0,1794.22,971.0
964,0.38900414937759337,964.0,1781.29,964.0
968,0.37706611570247933,968.0,1788.68,968.0
973,0.3802672147995889,973.0,1797.91,973.0
964,0.38381742738589214,910.0,1681.57,964.0
965,0.3854922279792746,965.0,1783.14,965.0
960,0.403125,960.0,1773.9,960.0
960,0.403125,960.0,1773.9,960.0
954,0.3888888888888889,954.0,1762.82,954.0
959,0.42022940563086547,959.0,1772.06,959.0
960,0.4083333333333333,960.0,1773.9,960.0
959,0.39416058394160586,959.0,1772.06,959.0
962,0.4178794178794179,962.0,1777.6,962.0
959,0.4171011470281543,959.0,1772.06,959.0
959,0.4171011470281543,959.0,1772.06,959.0
957,0.4117032392894462,957.0,1768.36,957.0
958,0.42379958246346555,958.0,1770.21,958.0
957,0.4148380355276907,957.0,1768.36,957.0
956,0.4246861924686193,956.0,1766.52,956.0
958,0.42275574112734865,958.0,1770.21,958.0
963,0.411214953271028,963.0,1779.44,963.0
962,0.4085239085239085,962.0,1777.6,962.0
962,0.41372141372141374,962.0,1777.6,962.0
960,0.4125,960.0,1773.9,960.0
960,0.415625,960.0,1773.9,960.0
959,0.41605839416058393,959.0,1772.06,959.0
957,0.4158829676071055,957.0,1768.36,957.0
957,0.4211076280041797,957.0,1768.36,957.0
956,0.41841004184100417,956.0,1766.52,956.0
957,0.41379310344827586,957.0,1768.36,957.0
959,0.41397288842544316,959.0,1772.06,959.0
959,0.4181438998957247,959.0,1772.06,959.0
959,0.4191866527632951,959.0,1772.06,959.0
960,0.4166666666666667,960.0,1773.9,960.0
964,0.4004149377593361,962.0,1777.6,964.0
965,0.39585492227979274,965.0,1783.14,965.0
962,0.4106029106029106,962.0,1777.6,962.0
961,0.4068678459937565,959.0,1772.06,961.0
959,0.43899895724713245,959.0,1772.06,959.0
957,0.4336468129571578,957.0,1768.36,957.0
963,0.42782969885773625,963.0,1779.44,963.0
964,0.4408713692946058,964.0,1781.29,964.0
963,0.4517133956386293,963.0,1779.44,963.0
954,0.40461215932914046,954.0,1762.82,954.0
965,0.39378238341968913,965.0,1783.14,965.0
956,0.40690376569037656,956.0,1766.52,956.0
954,0.4025157232704403,954.0,1762.82,954.0
962,0.42411642411642414,962.0,1777.6,962.0
963,0.4205607476635514,963.0,1779.44,963.0
964,0.3962655601659751,964.0,1781.29,964.0
964,0.4221991701244813,964.0,1781.29,964.0
963,0.4039460020768432,963.0,1779.44,963.0
964,0.3993775933609959,964.0,1781.29,964.0
964,0.4221991701244813,964.0,1781.29,964.0
964,0.41804979253112035,964.0,1781.29,964.0
959,0.3910323253388947,959.0,1772.06,959.0
956,0.39330543933054396,956.0,1766.52,956.0
961,0.39542143600416235,961.0,1775.75,961.0
960,0.4114583333333333,960.0,1773.9,960.0
960,0.42291666666666666,960.0,1773.9,960.0
963,0.3852544132917965,963.0,1779.44,963.0
960,0.409375,960.0,1773.9,960.0
963,0.4174454828660436,963.0,1779.44,963.0
961,0.413111342351717,961.0,1775.75,961.0
962,0.4106029106029106,962.0,1777.6,962.0
959,0.40041710114702816,959.0,1772.06,959.0
974,0.4209445585215606,974.0,1799.76,974.0
973,0.4172661870503597,973.0,1797.91,973.0
970,0.38144329896907214,970.0,1792.37,970.0
970,0.3835051546391753,970.0,1792.37,970.0
968,0.4318181818181818,968.0,1788.68,968.0
960,0.4083333333333333,960.0,1773.9,960.0
973,0.42754367934224047,973.0,1797.91,973.0
981,0.43119266055045874,963.0,1779.44,981.0
974,0.41786447638603696,950.0,1755.44,974.0
974,0.4137577002053388,974.0,1799.76,974.0
974,0.4127310061601643,970.0,1792.37,974.0
975,0.4123076923076923,975.0,1801.6,975.0
974,0.41581108829568786,974.0,1799.76,974.0
974,0.4127310061601643,974.0,1799.76,974.0
973,0.4131551901336074,973.0,1797.91,973.0
974,0.40451745379876797,974.0,1799.76,974.0
974,0.4209445585215606,974.0,1799.76,974.0
971,0.40885684860968075,971.0,1794.22,971.0
971,0.411946446961895,971.0,1794.22,971.0
972,0.4403292181069959,972.0,1796.06,972.0
970,0.44329896907216493,970.0,1792.37,970.0
980,0.4275510204081633,980.0,1810.84,980.0
973,0.43371017471736895,973.0,1797.91,973.0
955,0.4073298429319372,955.0,1764.67,955.0
955,0.4083769633507853,955.0,1764.67,955.0
955,0.41047120418848165,955.0,1764.67,955.0
956,0.401673640167364,956.0,1766.52,956.0
957,0.41379310344827586,957.0,1768.36,957.0
955,0.4031413612565445,955.0,1764.67,955.0
956,0.4027196652719665,956.0,1766.52,956.0
569,0.4305799648506151,569.0,1051.86,569.0
958,0.4175365344467641,958.0,1770.21,958.0
958,0.4081419624217119,958.0,1770.21,958.0
954,0.4192872117400419,954.0,1762.82,954.0
967,0.3960703205791106,967.0,1786.83,967.0
943,0.41569459172852596,943.0,1742.51,943.0
943,0.41145281018027574,943.0,1742.51,943.0
947,0.36642027455121434,947.0,1749.9,947.0
943,0.3722163308589608,943.0,1742.51,943.0
945,0.37777777777777777,945.0,1746.2,945.0
953,0.385099685204617,953.0,1760.98,953.0
964,0.3993775933609959,964.0,1781.29,964.0
965,0.38031088082901554,965.0,1783.14,965.0
967,0.40847983453981385,967.0,1786.83,967.0
973,0.3926002055498458,973.0,1797.91,973.0
970,0.38144329896907214,970.0,1792.37,970.0
968,0.390495867768595,968.0,1788.68,968.0
967,0.3846949327817994,967.0,1786.83,967.0
966,0.38716356107660455,966.0,1784.98,966.0
971,0.3944387229660144,971.0,1794.22,971.0
969,0.3849329205366357,969.0,1790.52,969.0
964,0.3796680497925311,964.0,1781.29,964.0
971,0.384140061791967,971.0,1794.22,971.0
869,0.4131185270425777,869.0,1605.86,869.0
964,0.3848547717842324,964.0,1781.29,964.0
968,0.3956611570247934,968.0,1788.68,968.0
968,0.41838842975206614,968.0,1788.68,968.0
949,0.39620653319283455,949.0,1753.59,949.0
950,0.4063157894736842,950.0,1755.44,950.0
951,0.3901156677181914,949.0,1753.59,951.0
949,0.3940990516332982,949.0,1753.59,949.0
951,0.3901156677181914,951.0,1757.28,951.0
950,0.3968421052631579,950.0,1755.44,950.0
948,0.39556962025316456,948.0,1751.74,948.0
955,0.387434554973822,955.0,1764.67,955.0
947,0.3991552270327349,947.0,1749.9,947.0
946,0.3974630021141649,946.0,1748.05,946.0
949,0.40042149631190727,949.0,1753.59,949.0
955,0.3769633507853403,955.0,1764.67,955.0
952,0.3855042016806723,952.0,1759.13,952.0
954,0.38155136268343814,954.0,1762.82,954.0
954,0.37945492662473795,954.0,1762.82,954.0
954,0.37840670859538783,954.0,1762.82,954.0
953,0.3777544596012592,953.0,1760.98,953.0
954,0.3731656184486373,954.0,1762.82,954.0
952,0.39705882352941174,952.0,1759.13,952.0
951,0.40168243953732913,951.0,1757.28,951.0
951,0.3764458464773922,951.0,1757.28,951.0
958,0.37891440501043844,958.0,1770.21,958.0
947,0.368532206969377,947.0,1749.9,947.0
949,0.3698630136986301,949.0,1753.59,949.0
951,0.3711882229232387,951.0,1757.28,951.0
953,0.3641133263378804,953.0,1760.98,953.0
955,0.3633507853403141,955.0,1764.67,955.0
951,0.35541535226077814,951.0,1757.28,951.0
954,0.3637316561844864,954.0,1762.82,954.0
951,0.3732912723449001,951.0,1757.28,951.0
951,0.3627760252365931,951.0,1757.28,951.0
949,0.37829293993677554,949.0,1753.59,949.0
953,0.3704092339979014,953.0,1760.98,953.0
962,0.3794178794178794,962.0,1777.6,962.0
957,0.40229885057471265,957.0,1768.36,957.0
962,0.4230769230769231,962.0,1777.6,962.0
945,0.4211640211640212,945.0,1746.2,945.0
965,0.43419689119170984,965.0,1783.14,965.0
965,0.45181347150259066,965.0,1783.14,965.0
956,0.42677824267782427,956.0,1766.52,956.0
948,0.4166666666666667,948.0,1751.74,948.0
956,0.40481171548117156,956.0,1766.52,956.0
975,0.38769230769230767,975.0,1801.6,975.0
953,0.40398740818467993,953.0,1760.98,953.0
971,0.42842430484037075,971.0,1794.22,971.0
970,0.422680412371134,970.0,1792.37,970.0
955,0.43036649214659684,955.0,1764.67,955.0
957,0.41274817136886105,957.0,1768.36,957.0
960,0.4354166666666667,960.0,1773.9,960.0
956,0.41631799163179917,956.0,1766.52,956.0
955,0.41465968586387436,955.0,1764.67,955.0
954,0.41823899371069184,954.0,1762.82,954.0
243,0.4691358024691358,243.0,449.856,243.0
947,0.44456177402323127,947.0,1749.9,947.0
946,0.4492600422832981,946.0,1748.05,946.0
947,0.4498416050686378,947.0,1749.9,947.0
949,0.4457323498419389,949.0,1753.59,949.0
954,0.4559748427672956,954.0,1762.82,954.0
